u_idx,v_idx,u_location_id,v_location_id
1,128,2,132
2,180,3,184
2,238,3,242
2,250,3,254
3,78,4,79
3,220,4,224
5,111,6,115
5,114,6,118
6,175,7,179
6,203,7,207
8,72,9,73
8,97,9,98
8,188,9,192
9,215,10,219
10,13,11,14
11,12,12,13
13,223,14,227
15,167,16,171
16,48,17,49
16,60,17,61
16,213,17,217
17,19,18,20
17,93,18,94
17,132,18,136
17,170,18,174
17,237,18,241
18,171,19,175
19,46,20,47
19,77,20,78
19,93,20,94
19,170,20,174
20,21,21,22
20,25,21,26
20,119,21,123
20,174,21,178
21,25,22,26
21,66,22,67
22,183,23,187
22,247,23,251
23,40,24,41
23,42,24,43
23,147,24,151
24,32,25,33
24,39,25,40
24,51,25,52
24,64,25,65
24,103,25,106
24,177,25,181
25,66,26,67
25,88,26,89
25,107,26,111
25,129,26,133
25,174,26,178
27,92,28,93
27,127,28,131
27,131,28,135
28,105,29,108
28,146,29,150
30,170,31,174
30,181,31,185
30,236,31,240
30,250,31,254
32,51,33,52
32,53,33,54
32,65,33,66
33,48,34,49
33,213,34,217
33,252,34,256
34,71,35,72
34,76,35,77
35,95,36,96
36,62,37,63
36,221,37,225
37,201,38,205
38,71,39,72
38,90,39,91
38,151,39,155
38,218,39,222
39,51,40,52
39,53,40,54
39,103,40,106
40,41,41,42
40,42,41,43
40,74,41,75
41,148,42,152
42,147,43,151
42,159,43,163
42,233,43,237
42,234,43,238
43,98,44,99
44,140,45,144
44,144,45,148
44,228,45,232
46,68,47,69
46,93,47,94
46,163,47,167
47,67,48,68
47,99,48,100
47,138,48,142
47,159,48,163
48,60,49,61
48,185,49,189
48,213,49,217
49,139,50,143
51,53,52,54
55,92,56,93
55,94,56,95
55,169,56,173
55,192,56,196
57,204,58,208
59,208,60,212
59,238,60,242
60,61,61,62
60,173,61,177
60,185,61,189
60,221,61,225
61,71,62,72
61,184,62,188
61,185,62,189
61,186,62,190
62,120,63,124
62,173,63,177
62,176,63,180
65,96,66,97
66,223,67,227
67,99,68,100
67,154,68,158
68,155,69,159
68,163,69,167
68,164,69,168
68,165,69,169
69,92,70,93
69,125,70,129
70,88,71,89
70,90,71,91
70,184,71,188
71,75,72,76
71,90,72,91
71,184,72,188
72,91,73,92
72,167,73,171
73,74,74,75
74,258,75,262
74,259,75,263
78,104,79,107
78,110,79,114
78,144,79,148
78,220,79,224
79,153,80,157
79,194,80,198
79,251,80,255
80,250,81,254
81,125,82,129
81,153,82,157
81,156,82,160
81,169,82,173
81,192,82,196
82,125,83,129
82,153,83,157
84,184,85,188
86,87,87,88
86,205,87,209
87,257,88,261
88,90,89,91
88,129,89,133
88,161,89,165
88,174,89,178
88,184,89,188
89,182,90,186
89,245,90,249
90,161,91,165
91,167,92,171
91,248,92,252
91,249,92,253
92,169,93,173
92,188,93,192
93,165,94,169
93,231,94,235
94,101,95,102
94,130,95,134
95,193,96,197
95,254,96,258
96,185,97,189
99,160,100,164
99,182,100,186
99,226,100,230
101,192,102,196
101,194,102,198
103,177,106,181
104,133,107,137
104,166,107,170
104,220,107,224
104,230,107,234
107,223,111,227
107,253,111,257
109,110,113,114
109,230,113,234
109,245,113,249
110,140,114,144
110,207,114,211
110,245,114,249
111,114,115,118
111,247,115,251
114,247,118,251
116,123,120,127
116,240,120,244
117,127,121,131
118,201,122,205
119,161,123,165
119,174,123,178
119,206,123,210
120,212,124,216
121,227,125,231
121,245,125,249
122,143,126,147
122,163,126,167
122,164,126,168
124,216,128,220
125,169,129,173
127,187,131,191
128,199,132,203
130,193,134,197
132,149,136,153
133,166,137,170
133,220,137,224
133,229,137,233
134,195,138,199
135,199,139,203
135,214,139,218
136,225,140,229
136,258,140,262
137,232,141,236
137,233,141,237
137,259,141,263
138,159,142,163
138,235,142,239
140,144,144,148
140,207,144,211
141,142,145,146
141,189,145,193
142,222,146,226
143,155,147,159
143,164,147,168
145,150,149,154
145,151,149,155
145,161,149,165
145,206,149,210
146,150,150,154
149,216,153,220
153,156,157,160
153,256,157,260
154,242,158,246
156,192,160,196
157,158,161,162
157,159,161,163
157,160,161,164
157,166,161,170
158,159,162,163
158,166,162,170
158,225,162,229
158,233,162,237
159,226,163,230
159,233,163,237
160,166,164,170
160,182,164,186
161,174,165,178
164,243,168,247
165,231,169,235
167,248,171,252
171,187,175,191
173,221,177,225
175,219,179,223
176,193,180,197
176,212,180,216
176,254,180,258
178,208,182,212
178,238,182,242
178,244,182,248
184,186,188,190
185,186,189,190
187,201,191,205
191,224,195,228
193,212,197,216
201,211,205,215
201,214,205,218
203,219,207,223
204,246,208,250
205,227,209,231
205,257,209,261
207,227,211,231
208,209,212,213
208,244,212,248
212,215,216,219
213,252,217,256
216,236,220,240
217,241,221,245
224,253,228,257
227,257,231,261
231,243,235,247
232,233,236,237
232,259,236,263
234,235,238,239
250,255,254,259
251,252,255,256
258,259,262,263
