record_type,metric_family,metric_key,metric_label,direction,run_section,value,value_type,lower_is_better,status,source_file,tooltip_id,description
metric_point,od,od_jsd,OD JSD,synth->val,strategy_val,0.013528526,float,True,ok,outputs/save_data/ryc/tht_tripgen_20260212_234749/metrics/metrics_tht_tripgen_val.json,od_jsd,Distribution mismatch between OD marginals.
metric_point,od,od_jsd,OD JSD,synth->hold,strategy_hold,0.0118150062,float,True,ok,outputs/save_data/ryc/tht_tripgen_20260212_234749/metrics/metrics_tht_tripgen_hold.json,od_jsd,Distribution mismatch between OD marginals.
metric_point,od,od_jsd,OD JSD,hold->val,strategy_hold_vs_val_real,0.0090266553,float,True,ok,outputs/save_data/ryc/tht_tripgen_20260212_234749/metrics/metrics_hold_vs_val_real.json,od_jsd,Distribution mismatch between OD marginals.
metric_point,od,od_chi2,OD Chi²,synth->val,strategy_val,37150.658811477,float,True,ok,outputs/save_data/ryc/tht_tripgen_20260212_234749/metrics/metrics_tht_tripgen_val.json,od_chi2,OD chi-square divergence for synthetic vs real.
metric_point,od,od_chi2,OD Chi²,synth->hold,strategy_hold,19318.3398390193,float,True,ok,outputs/save_data/ryc/tht_tripgen_20260212_234749/metrics/metrics_tht_tripgen_hold.json,od_chi2,OD chi-square divergence for synthetic vs real.
metric_point,od,od_chi2,OD Chi²,hold->val,strategy_hold_vs_val_real,19951.7909572768,float,True,ok,outputs/save_data/ryc/tht_tripgen_20260212_234749/metrics/metrics_hold_vs_val_real.json,od_chi2,OD chi-square divergence for synthetic vs real.
metric_point,od,od_coverage_real,OD coverage (real),synth->val,strategy_val,0.6656170441,float,False,ok,outputs/save_data/ryc/tht_tripgen_20260212_234749/metrics/metrics_tht_tripgen_val.json,od_coverage_real,Real OD support coverage (higher is better).
metric_point,od,od_coverage_real,OD coverage (real),synth->hold,strategy_hold,0.6817080394,float,False,ok,outputs/save_data/ryc/tht_tripgen_20260212_234749/metrics/metrics_tht_tripgen_hold.json,od_coverage_real,Real OD support coverage (higher is better).
metric_point,od,od_coverage_real,OD coverage (real),hold->val,strategy_hold_vs_val_real,0.6291529805,float,False,ok,outputs/save_data/ryc/tht_tripgen_20260212_234749/metrics/metrics_hold_vs_val_real.json,od_coverage_real,Real OD support coverage (higher is better).
metric_point,od,od_coverage_synth,OD coverage (synth),synth->val,strategy_val,0.6039513678,float,False,ok,outputs/save_data/ryc/tht_tripgen_20260212_234749/metrics/metrics_tht_tripgen_val.json,od_coverage_synth,Synthetic OD support coverage (higher is better).
metric_point,od,od_coverage_synth,OD coverage (synth),synth->hold,strategy_hold,0.6260198784,float,False,ok,outputs/save_data/ryc/tht_tripgen_20260212_234749/metrics/metrics_tht_tripgen_hold.json,od_coverage_synth,Synthetic OD support coverage (higher is better).
metric_point,od,od_coverage_synth,OD coverage (synth),hold->val,strategy_hold_vs_val_real,0.7827951226,float,False,ok,outputs/save_data/ryc/tht_tripgen_20260212_234749/metrics/metrics_hold_vs_val_real.json,od_coverage_synth,Synthetic OD support coverage (higher is better).
metric_point,od,od_unique_real,OD unique modes (real),synth->val,strategy_val,14926.0,float,False,ok,outputs/save_data/ryc/tht_tripgen_20260212_234749/metrics/metrics_tht_tripgen_val.json,od_unique_real,Unique OD modes observed in the real distribution.
metric_point,od,od_unique_real,OD unique modes (real),synth->hold,strategy_hold,18571.0,float,False,ok,outputs/save_data/ryc/tht_tripgen_20260212_234749/metrics/metrics_tht_tripgen_hold.json,od_unique_real,Unique OD modes observed in the real distribution.
metric_point,od,od_unique_real,OD unique modes (real),hold->val,strategy_hold_vs_val_real,18571.0,float,False,ok,outputs/save_data/ryc/tht_tripgen_20260212_234749/metrics/metrics_hold_vs_val_real.json,od_unique_real,Unique OD modes observed in the real distribution.
metric_point,od,od_unique_synth,OD unique modes (synth),synth->val,strategy_val,16450.0,float,False,ok,outputs/save_data/ryc/tht_tripgen_20260212_234749/metrics/metrics_tht_tripgen_val.json,od_unique_synth,Unique OD modes generated by synthetic samples.
metric_point,od,od_unique_synth,OD unique modes (synth),synth->hold,strategy_hold,20223.0,float,False,ok,outputs/save_data/ryc/tht_tripgen_20260212_234749/metrics/metrics_tht_tripgen_hold.json,od_unique_synth,Unique OD modes generated by synthetic samples.
metric_point,od,od_unique_synth,OD unique modes (synth),hold->val,strategy_hold_vs_val_real,14926.0,float,False,ok,outputs/save_data/ryc/tht_tripgen_20260212_234749/metrics/metrics_hold_vs_val_real.json,od_unique_synth,Unique OD modes generated by synthetic samples.
metric_point,joint,joint_jsd,Joint JSD,synth->val,strategy_val,0.164714691,float,True,ok,outputs/save_data/ryc/tht_tripgen_20260212_234749/metrics/metrics_tht_tripgen_val.json,joint_jsd,Joint OD+time distribution mismatch.
metric_point,joint,joint_jsd,Joint JSD,synth->hold,strategy_hold,0.1289368976,float,True,ok,outputs/save_data/ryc/tht_tripgen_20260212_234749/metrics/metrics_tht_tripgen_hold.json,joint_jsd,Joint OD+time distribution mismatch.
metric_point,joint,joint_jsd,Joint JSD,hold->val,strategy_hold_vs_val_real,0.1545052644,float,True,ok,outputs/save_data/ryc/tht_tripgen_20260212_234749/metrics/metrics_hold_vs_val_real.json,joint_jsd,Joint OD+time distribution mismatch.
metric_point,joint,joint_chi2,Joint Chi²,synth->val,strategy_val,461513.5660063509,float,True,ok,outputs/save_data/ryc/tht_tripgen_20260212_234749/metrics/metrics_tht_tripgen_val.json,joint_chi2,Joint OD+time chi-square divergence.
metric_point,joint,joint_chi2,Joint Chi²,synth->hold,strategy_hold,229925.1439663573,float,True,ok,outputs/save_data/ryc/tht_tripgen_20260212_234749/metrics/metrics_tht_tripgen_hold.json,joint_chi2,Joint OD+time chi-square divergence.
metric_point,joint,joint_chi2,Joint Chi²,hold->val,strategy_hold_vs_val_real,381467.5203130578,float,True,ok,outputs/save_data/ryc/tht_tripgen_20260212_234749/metrics/metrics_hold_vs_val_real.json,joint_chi2,Joint OD+time chi-square divergence.
metric_point,joint,joint_coverage_real,Joint coverage (real),synth->val,strategy_val,0.605018725,float,False,ok,outputs/save_data/ryc/tht_tripgen_20260212_234749/metrics/metrics_tht_tripgen_val.json,joint_coverage_real,Real joint support coverage (higher is better).
metric_point,joint,joint_coverage_real,Joint coverage (real),synth->hold,strategy_hold,0.6214822173,float,False,ok,outputs/save_data/ryc/tht_tripgen_20260212_234749/metrics/metrics_tht_tripgen_hold.json,joint_coverage_real,Real joint support coverage (higher is better).
metric_point,joint,joint_coverage_real,Joint coverage (real),hold->val,strategy_hold_vs_val_real,0.5438644769,float,False,ok,outputs/save_data/ryc/tht_tripgen_20260212_234749/metrics/metrics_hold_vs_val_real.json,joint_coverage_real,Real joint support coverage (higher is better).
metric_point,joint,joint_coverage_synth,Joint coverage (synth),synth->val,strategy_val,0.5923404855,float,False,ok,outputs/save_data/ryc/tht_tripgen_20260212_234749/metrics/metrics_tht_tripgen_val.json,joint_coverage_synth,Synthetic joint support coverage (higher is better).
metric_point,joint,joint_coverage_synth,Joint coverage (synth),synth->hold,strategy_hold,0.6186524759,float,False,ok,outputs/save_data/ryc/tht_tripgen_20260212_234749/metrics/metrics_tht_tripgen_hold.json,joint_coverage_synth,Synthetic joint support coverage (higher is better).
metric_point,joint,joint_coverage_synth,Joint coverage (synth),hold->val,strategy_hold_vs_val_real,0.6857965004,float,False,ok,outputs/save_data/ryc/tht_tripgen_20260212_234749/metrics/metrics_hold_vs_val_real.json,joint_coverage_synth,Synthetic joint support coverage (higher is better).
metric_point,joint,joint_unique_real,Joint unique modes (real),synth->val,strategy_val,236315.0,float,False,ok,outputs/save_data/ryc/tht_tripgen_20260212_234749/metrics/metrics_tht_tripgen_val.json,joint_unique_real,Unique OD+time mode count for real data.
metric_point,joint,joint_unique_real,Joint unique modes (real),synth->hold,strategy_hold,297986.0,float,False,ok,outputs/save_data/ryc/tht_tripgen_20260212_234749/metrics/metrics_tht_tripgen_hold.json,joint_unique_real,Unique OD+time mode count for real data.
metric_point,joint,joint_unique_real,Joint unique modes (real),hold->val,strategy_hold_vs_val_real,297986.0,float,False,ok,outputs/save_data/ryc/tht_tripgen_20260212_234749/metrics/metrics_hold_vs_val_real.json,joint_unique_real,Unique OD+time mode count for real data.
metric_point,joint,joint_unique_synth,Joint unique modes (synth),synth->val,strategy_val,241373.0,float,False,ok,outputs/save_data/ryc/tht_tripgen_20260212_234749/metrics/metrics_tht_tripgen_val.json,joint_unique_synth,Unique OD+time mode count for synthetic data.
metric_point,joint,joint_unique_synth,Joint unique modes (synth),synth->hold,strategy_hold,299349.0,float,False,ok,outputs/save_data/ryc/tht_tripgen_20260212_234749/metrics/metrics_tht_tripgen_hold.json,joint_unique_synth,Unique OD+time mode count for synthetic data.
metric_point,joint,joint_unique_synth,Joint unique modes (synth),hold->val,strategy_hold_vs_val_real,236315.0,float,False,ok,outputs/save_data/ryc/tht_tripgen_20260212_234749/metrics/metrics_hold_vs_val_real.json,joint_unique_synth,Unique OD+time mode count for synthetic data.
metric_point,joint,joint_mode_dropping_ratio,Joint mode dropping ratio,synth->val,strategy_val,0.394981275,float,True,ok,outputs/save_data/ryc/tht_tripgen_20260212_234749/metrics/metrics_tht_tripgen_val.json,joint_mode_dropping_ratio,Portion of real joint modes that disappear in synthetic.
metric_point,joint,joint_mode_dropping_ratio,Joint mode dropping ratio,synth->hold,strategy_hold,0.3785177827,float,True,ok,outputs/save_data/ryc/tht_tripgen_20260212_234749/metrics/metrics_tht_tripgen_hold.json,joint_mode_dropping_ratio,Portion of real joint modes that disappear in synthetic.
metric_point,joint,joint_mode_dropping_ratio,Joint mode dropping ratio,hold->val,strategy_hold_vs_val_real,0.4561355231,float,True,ok,outputs/save_data/ryc/tht_tripgen_20260212_234749/metrics/metrics_hold_vs_val_real.json,joint_mode_dropping_ratio,Portion of real joint modes that disappear in synthetic.
metric_point,joint,joint_invalid_ratio,Joint invalid ratio,synth->val,strategy_val,0.4076595145,float,True,ok,outputs/save_data/ryc/tht_tripgen_20260212_234749/metrics/metrics_tht_tripgen_val.json,joint_invalid_ratio,Portion of invalid OD pairs in synthetic samples.
metric_point,joint,joint_invalid_ratio,Joint invalid ratio,synth->hold,strategy_hold,0.3813475241,float,True,ok,outputs/save_data/ryc/tht_tripgen_20260212_234749/metrics/metrics_tht_tripgen_hold.json,joint_invalid_ratio,Portion of invalid OD pairs in synthetic samples.
metric_point,joint,joint_invalid_ratio,Joint invalid ratio,hold->val,strategy_hold_vs_val_real,0.3142034996,float,True,ok,outputs/save_data/ryc/tht_tripgen_20260212_234749/metrics/metrics_hold_vs_val_real.json,joint_invalid_ratio,Portion of invalid OD pairs in synthetic samples.
