epoch,train_nll_total,train_nll_h,train_nll_o,train_nll_d,train_nll_r,train_nll_passenger,train_nll_total_amount,val_nll_total,val_nll_h,val_nll_o,val_nll_d,val_nll_r,val_nll_passenger,val_nll_total_amount
1,13.024033546447754,3.064527750015259,3.8793299198150635,4.152364253997803,0.006088691763579845,0.8311333656311035,1.0905920267105103,12.462056159973145,2.9895029067993164,3.786299705505371,3.9712467193603516,0.0004621068073902279,0.7568913102149963,0.9576523900032043
2,12.376243591308594,2.9788591861724854,3.79990553855896,3.944856643676758,0.00019886373775079846,0.7770802974700928,0.8753536343574524,12.192521095275879,2.9795281887054443,3.7832350730895996,3.906214952468872,-0.0010199379175901413,0.754029393196106,0.7705397009849548
3,12.175604820251465,2.9752044677734375,3.7960638999938965,3.9068500995635986,-0.0005783244268968701,0.7746182084083557,0.7234355211257935,12.032027244567871,2.9788479804992676,3.782822370529175,3.8843367099761963,-0.0015783478738740087,0.7529123425483704,0.6346824765205383
4,12.054091453552246,2.974837303161621,3.7944042682647705,3.8901498317718506,-0.0012496460694819689,0.7732648253440857,0.6226785182952881,11.951554298400879,2.9787182807922363,3.782661199569702,3.873507261276245,-0.001584453391842544,0.7521304488182068,0.5661240816116333
5,11.986298561096191,2.9747495651245117,3.7933804988861084,3.8806424140930176,-0.0016436740988865495,0.7724459767341614,0.5667172074317932,11.908161163330078,2.978644847869873,3.7817189693450928,3.8667707443237305,-0.0017224218463525176,0.7514452934265137,0.5313038229942322
6,11.942058563232422,2.974719285964966,3.7926719188690186,3.8744537830352783,-0.001877147820778191,0.7717636227607727,0.5303376317024231,11.86916446685791,2.9785594940185547,3.7826249599456787,3.862455368041992,-0.002298546489328146,0.7509356737136841,0.4968912899494171
7,11.909850120544434,2.9747164249420166,3.792210817337036,3.8698573112487793,-0.002139484975486994,0.7711519598960876,0.5040531158447266,11.856830596923828,2.9785518646240234,3.7820069789886475,3.858999013900757,-0.002425078535452485,0.7504934072494507,0.48920342326164246
8,11.885003089904785,2.9747166633605957,3.7918550968170166,3.8660316467285156,-0.002186054131016135,0.7706294059753418,0.4839656949043274,11.829850196838379,2.978583812713623,3.782066583633423,3.856137990951538,-0.0019979255739599466,0.7501722574234009,0.4648893475532532
9,11.865129470825195,2.974703311920166,3.791559934616089,3.863430976867676,-0.0024479625280946493,0.7702344655990601,0.4676418602466583,11.815747261047363,2.978522777557373,3.782146692276001,3.8540632724761963,-0.002707462990656495,0.74979168176651,0.45393291115760803
10,11.848801612854004,2.9747095108032227,3.791261911392212,3.860837936401367,-0.002574558835476637,0.7698293924331665,0.4547266662120819,11.804609298706055,2.9785714149475098,3.782156229019165,3.853114366531372,-0.0022074992302805185,0.7494546175003052,0.4435194134712219
11,11.836015701293945,2.974702835083008,3.7911274433135986,3.858721971511841,-0.0026552854105830193,0.7694675922393799,0.4446530342102051,11.786338806152344,2.978605270385742,3.7819793224334717,3.8502840995788574,-0.0026163908187299967,0.7498454451560974,0.42824259400367737
12,11.825421333312988,2.9747185707092285,3.790853977203369,3.8571813106536865,-0.0028211823664605618,0.769202470779419,0.4362879991531372,11.787630081176758,2.978574514389038,3.7815403938293457,3.849168062210083,-0.0030736771877855062,0.7490381598472595,0.4323817491531372
13,11.816064834594727,2.97471022605896,3.7907328605651855,3.8555357456207275,-0.002935322467237711,0.768956184387207,0.4290713369846344,11.780463218688965,2.9785938262939453,3.7815322875976562,3.84826922416687,-0.0032065289560705423,0.7489959001541138,0.4262787401676178
14,11.808076858520508,2.9747023582458496,3.7905173301696777,3.8538975715637207,-0.0030184099450707436,0.7687440514564514,0.4232332706451416,11.7706298828125,2.9785187244415283,3.7821290493011475,3.8469014167785645,-0.002879402367398143,0.7487568855285645,0.4172012507915497
15,11.801678657531738,2.9747023582458496,3.790426015853882,3.8527679443359375,-0.0030957551207393408,0.7685014009475708,0.4183675944805145,11.769929885864258,2.9785540103912354,3.7815582752227783,3.845776319503784,-0.0027966750785708427,0.7487241625785828,0.41811349987983704
16,11.795103073120117,2.9747118949890137,3.790348529815674,3.851541757583618,-0.003125174902379513,0.7682726979255676,0.4133540987968445,11.76662826538086,2.978567361831665,3.7820374965667725,3.8451945781707764,-0.0027415677905082703,0.7484999895095825,0.4150714576244354
17,11.789790153503418,2.9747073650360107,3.790153741836548,3.8503549098968506,-0.0032676069531589746,0.7679895162582397,0.40985414385795593,11.76272964477539,2.9785659313201904,3.781862258911133,3.8446645736694336,-0.0031561139039695263,0.7482362389564514,0.41255736351013184
18,11.785131454467773,2.974708318710327,3.7901296615600586,3.8496057987213135,-0.0033409809693694115,0.7679204344749451,0.4061107039451599,11.754542350769043,2.9785830974578857,3.7817585468292236,3.8440070152282715,-0.002989906119182706,0.7482826709747314,0.40489813685417175
19,11.780115127563477,2.9747087955474854,3.7900493144989014,3.8484556674957275,-0.003346686251461506,0.7678097486495972,0.40244370698928833,11.756669044494629,2.9785568714141846,3.781886100769043,3.844298839569092,-0.003253599628806114,0.7481388449668884,0.4070432782173157
20,11.776721000671387,2.974714517593384,3.7899904251098633,3.8477206230163574,-0.0034852693788707256,0.7675643563270569,0.40021950006484985,11.754026412963867,2.978605031967163,3.78166127204895,3.8433053493499756,-0.0031848757062107325,0.7480138540267944,0.405624121427536
21,11.77269172668457,2.9747047424316406,3.789855718612671,3.846912384033203,-0.003567533800378442,0.7673925161361694,0.39739325642585754,11.751368522644043,2.97868013381958,3.7817182540893555,3.842477560043335,-0.0030668273102492094,0.7476980686187744,0.4038635790348053
22,11.769486427307129,2.9747111797332764,3.789828062057495,3.846118927001953,-0.0036874008364975452,0.7673109769821167,0.39520788192749023,11.751644134521484,2.978529691696167,3.7816522121429443,3.8409764766693115,-0.0028553048614412546,0.7481235861778259,0.40521958470344543
23,11.766974449157715,2.974701166152954,3.7897024154663086,3.8454980850219727,-0.003702448680996895,0.7672430276870728,0.393530011177063,11.747543334960938,2.9786012172698975,3.781939744949341,3.8421218395233154,-0.002934063784778118,0.748121976852417,0.39969488978385925
24,11.763713836669922,2.9747040271759033,3.7896292209625244,3.844871997833252,-0.003819897072389722,0.7670179605484009,0.3913065195083618,11.747337341308594,2.9785006046295166,3.782071113586426,3.8400251865386963,-0.003041375195607543,0.7478492259979248,0.4019290804862976
25,11.761202812194824,2.974698543548584,3.789532423019409,3.8443450927734375,-0.0038628620095551014,0.7670089602470398,0.38946959376335144,11.743182182312012,2.9786245822906494,3.781700372695923,3.840541124343872,-0.0035580506082624197,0.74756920337677,0.3983044922351837
26,11.758548736572266,2.974705219268799,3.789551019668579,3.843705892562866,-0.003982799127697945,0.7668238282203674,0.3877488970756531,11.742384910583496,2.978632926940918,3.781816005706787,3.839620590209961,-0.003444019006565213,0.7477288246154785,0.39803147315979004
27,11.755751609802246,2.974710702896118,3.789484977722168,3.843085765838623,-0.004025548696517944,0.7667638063430786,0.38572511076927185,11.740898132324219,2.9785618782043457,3.7818996906280518,3.8394174575805664,-0.0033820001408457756,0.7474279403686523,0.39697855710983276
28,11.753933906555176,2.9746994972229004,3.78940749168396,3.842661142349243,-0.0041194031946361065,0.7666990160942078,0.3845859467983246,11.743180274963379,2.978649616241455,3.7817537784576416,3.8385069370269775,-0.0034492206759750843,0.7478436231613159,0.3998764157295227
29,11.751691818237305,2.974698305130005,3.789344310760498,3.842343807220459,-0.004137199837714434,0.7665950655937195,0.3828575313091278,11.739381790161133,2.9785690307617188,3.7818634510040283,3.8388044834136963,-0.0033957031555473804,0.7477141618728638,0.39582327008247375
30,11.750235557556152,2.9746997356414795,3.789320707321167,3.8417134284973145,-0.004241333343088627,0.766552209854126,0.38219237327575684,11.737275123596191,2.9785587787628174,3.7817916870117188,3.838168144226074,-0.003481832332909107,0.7473950386047363,0.39484360814094543
