record_type,metric_table,run_section,metric_key,value,value_type,source_file,status,section_type,split,row_index,category,feature,real_prob,synth_prob,abs_diff
section_status,section,strategy_hold,status,ok,str,outputs/save_data/ryc/tht_tripgen_20260212_234749/metrics/metrics_tht_tripgen_hold.json,ok,metric_json,,,,,,,
section_file_size_bytes,section,strategy_hold,file.size_bytes,3027,int,outputs/save_data/ryc/tht_tripgen_20260212_234749/metrics/metrics_tht_tripgen_hold.json,ok,metric_json,,,,,,,
section_metric,metrics,strategy_hold,n_real,1094596.0,float,outputs/save_data/ryc/tht_tripgen_20260212_234749/metrics/metrics_tht_tripgen_hold.json,ok,metric_json,,,,,,,
section_metric,metrics,strategy_hold,n_synth,1094596.0,float,outputs/save_data/ryc/tht_tripgen_20260212_234749/metrics/metrics_tht_tripgen_hold.json,ok,metric_json,,,,,,,
section_metric,metrics,strategy_hold,hour_of_day_jsd,0.0002698522,float,outputs/save_data/ryc/tht_tripgen_20260212_234749/metrics/metrics_tht_tripgen_hold.json,ok,metric_json,,,,,,,
section_metric,metrics,strategy_hold,hour_of_day_chi2,0.002227809,float,outputs/save_data/ryc/tht_tripgen_20260212_234749/metrics/metrics_tht_tripgen_hold.json,ok,metric_json,,,,,,,
section_metric,metrics,strategy_hold,day_of_week_jsd,0.0,float,outputs/save_data/ryc/tht_tripgen_20260212_234749/metrics/metrics_tht_tripgen_hold.json,ok,metric_json,,,,,,,
section_metric,metrics,strategy_hold,day_of_week_chi2,0.0,float,outputs/save_data/ryc/tht_tripgen_20260212_234749/metrics/metrics_tht_tripgen_hold.json,ok,metric_json,,,,,,,
section_metric,metrics,strategy_hold,pickup_id_jsd,0.0003418188,float,outputs/save_data/ryc/tht_tripgen_20260212_234749/metrics/metrics_tht_tripgen_hold.json,ok,metric_json,,,,,,,
section_metric,metrics,strategy_hold,pickup_id_chi2,10.8529388938,float,outputs/save_data/ryc/tht_tripgen_20260212_234749/metrics/metrics_tht_tripgen_hold.json,ok,metric_json,,,,,,,
section_metric,metrics,strategy_hold,dropoff_id_jsd,0.000519821,float,outputs/save_data/ryc/tht_tripgen_20260212_234749/metrics/metrics_tht_tripgen_hold.json,ok,metric_json,,,,,,,
section_metric,metrics,strategy_hold,dropoff_id_chi2,0.004461359,float,outputs/save_data/ryc/tht_tripgen_20260212_234749/metrics/metrics_tht_tripgen_hold.json,ok,metric_json,,,,,,,
section_metric,metrics,strategy_hold,od_jsd,0.0118150062,float,outputs/save_data/ryc/tht_tripgen_20260212_234749/metrics/metrics_tht_tripgen_hold.json,ok,metric_json,,,,,,,
section_metric,metrics,strategy_hold,od_chi2,19318.3398390193,float,outputs/save_data/ryc/tht_tripgen_20260212_234749/metrics/metrics_tht_tripgen_hold.json,ok,metric_json,,,,,,,
section_metric,metrics,strategy_hold,od_coverage_real,0.6817080394,float,outputs/save_data/ryc/tht_tripgen_20260212_234749/metrics/metrics_tht_tripgen_hold.json,ok,metric_json,,,,,,,
section_metric,metrics,strategy_hold,od_coverage_synth,0.6260198784,float,outputs/save_data/ryc/tht_tripgen_20260212_234749/metrics/metrics_tht_tripgen_hold.json,ok,metric_json,,,,,,,
section_metric,metrics,strategy_hold,od_unique_real,18571.0,float,outputs/save_data/ryc/tht_tripgen_20260212_234749/metrics/metrics_tht_tripgen_hold.json,ok,metric_json,,,,,,,
section_metric,metrics,strategy_hold,od_unique_synth,20223.0,float,outputs/save_data/ryc/tht_tripgen_20260212_234749/metrics/metrics_tht_tripgen_hold.json,ok,metric_json,,,,,,,
section_metric,metrics,strategy_hold,time_jsd,0.0009329314,float,outputs/save_data/ryc/tht_tripgen_20260212_234749/metrics/metrics_tht_tripgen_hold.json,ok,metric_json,,,,,,,
section_metric,metrics,strategy_hold,time_chi2,0.0083025514,float,outputs/save_data/ryc/tht_tripgen_20260212_234749/metrics/metrics_tht_tripgen_hold.json,ok,metric_json,,,,,,,
section_metric,metrics,strategy_hold,time_coverage_real,1.0,float,outputs/save_data/ryc/tht_tripgen_20260212_234749/metrics/metrics_tht_tripgen_hold.json,ok,metric_json,,,,,,,
section_metric,metrics,strategy_hold,time_coverage_synth,1.0,float,outputs/save_data/ryc/tht_tripgen_20260212_234749/metrics/metrics_tht_tripgen_hold.json,ok,metric_json,,,,,,,
section_metric,metrics,strategy_hold,time_unique_real,144.0,float,outputs/save_data/ryc/tht_tripgen_20260212_234749/metrics/metrics_tht_tripgen_hold.json,ok,metric_json,,,,,,,
section_metric,metrics,strategy_hold,time_unique_synth,144.0,float,outputs/save_data/ryc/tht_tripgen_20260212_234749/metrics/metrics_tht_tripgen_hold.json,ok,metric_json,,,,,,,
section_metric,metrics,strategy_hold,joint_jsd,0.1289368976,float,outputs/save_data/ryc/tht_tripgen_20260212_234749/metrics/metrics_tht_tripgen_hold.json,ok,metric_json,,,,,,,
section_metric,metrics,strategy_hold,joint_chi2,229925.1439663573,float,outputs/save_data/ryc/tht_tripgen_20260212_234749/metrics/metrics_tht_tripgen_hold.json,ok,metric_json,,,,,,,
section_metric,metrics,strategy_hold,joint_coverage_real,0.6214822173,float,outputs/save_data/ryc/tht_tripgen_20260212_234749/metrics/metrics_tht_tripgen_hold.json,ok,metric_json,,,,,,,
section_metric,metrics,strategy_hold,joint_coverage_synth,0.6186524759,float,outputs/save_data/ryc/tht_tripgen_20260212_234749/metrics/metrics_tht_tripgen_hold.json,ok,metric_json,,,,,,,
section_metric,metrics,strategy_hold,joint_unique_real,297986.0,float,outputs/save_data/ryc/tht_tripgen_20260212_234749/metrics/metrics_tht_tripgen_hold.json,ok,metric_json,,,,,,,
section_metric,metrics,strategy_hold,joint_unique_synth,299349.0,float,outputs/save_data/ryc/tht_tripgen_20260212_234749/metrics/metrics_tht_tripgen_hold.json,ok,metric_json,,,,,,,
section_metric,metrics,strategy_hold,joint_mode_dropping_ratio,0.3785177827,float,outputs/save_data/ryc/tht_tripgen_20260212_234749/metrics/metrics_tht_tripgen_hold.json,ok,metric_json,,,,,,,
section_metric,metrics,strategy_hold,joint_invalid_ratio,0.3813475241,float,outputs/save_data/ryc/tht_tripgen_20260212_234749/metrics/metrics_tht_tripgen_hold.json,ok,metric_json,,,,,,,
section_metric,metrics,strategy_hold,od_jsd_rr,0.0046891346,float,outputs/save_data/ryc/tht_tripgen_20260212_234749/metrics/metrics_tht_tripgen_hold.json,ok,metric_json,,,,,,,
section_metric,metrics,strategy_hold,od_chi2_rr,7056.7956943883,float,outputs/save_data/ryc/tht_tripgen_20260212_234749/metrics/metrics_tht_tripgen_hold.json,ok,metric_json,,,,,,,
section_metric,metrics,strategy_hold,od_coverage_real_rr,0.8724604243,float,outputs/save_data/ryc/tht_tripgen_20260212_234749/metrics/metrics_tht_tripgen_hold.json,ok,metric_json,,,,,,,
section_metric,metrics,strategy_hold,od_coverage_synth_rr,0.8749276946,float,outputs/save_data/ryc/tht_tripgen_20260212_234749/metrics/metrics_tht_tripgen_hold.json,ok,metric_json,,,,,,,
section_metric,metrics,strategy_hold,od_unique_real_rr,15603.0,float,outputs/save_data/ryc/tht_tripgen_20260212_234749/metrics/metrics_tht_tripgen_hold.json,ok,metric_json,,,,,,,
section_metric,metrics,strategy_hold,od_unique_synth_rr,15559.0,float,outputs/save_data/ryc/tht_tripgen_20260212_234749/metrics/metrics_tht_tripgen_hold.json,ok,metric_json,,,,,,,
section_metric,metrics,strategy_hold,joint_jsd_rr,0.0772635526,float,outputs/save_data/ryc/tht_tripgen_20260212_234749/metrics/metrics_tht_tripgen_hold.json,ok,metric_json,,,,,,,
section_metric,metrics,strategy_hold,joint_chi2_rr,139772.0044960986,float,outputs/save_data/ryc/tht_tripgen_20260212_234749/metrics/metrics_tht_tripgen_hold.json,ok,metric_json,,,,,,,
section_metric,metrics,strategy_hold,joint_coverage_real_rr,0.8332072522,float,outputs/save_data/ryc/tht_tripgen_20260212_234749/metrics/metrics_tht_tripgen_hold.json,ok,metric_json,,,,,,,
section_metric,metrics,strategy_hold,joint_coverage_synth_rr,0.8322943036,float,outputs/save_data/ryc/tht_tripgen_20260212_234749/metrics/metrics_tht_tripgen_hold.json,ok,metric_json,,,,,,,
section_metric,metrics,strategy_hold,joint_unique_real_rr,237942.0,float,outputs/save_data/ryc/tht_tripgen_20260212_234749/metrics/metrics_tht_tripgen_hold.json,ok,metric_json,,,,,,,
section_metric,metrics,strategy_hold,joint_unique_synth_rr,238203.0,float,outputs/save_data/ryc/tht_tripgen_20260212_234749/metrics/metrics_tht_tripgen_hold.json,ok,metric_json,,,,,,,
section_metric,metrics,strategy_hold,joint_mode_dropping_ratio_rr,0.1667927478,float,outputs/save_data/ryc/tht_tripgen_20260212_234749/metrics/metrics_tht_tripgen_hold.json,ok,metric_json,,,,,,,
section_metric,metrics,strategy_hold,joint_invalid_ratio_rr,0.1677056964,float,outputs/save_data/ryc/tht_tripgen_20260212_234749/metrics/metrics_tht_tripgen_hold.json,ok,metric_json,,,,,,,
section_metric,metrics,strategy_hold,w1_tr_te,7.1789426852,float,outputs/save_data/ryc/tht_tripgen_20260212_234749/metrics/metrics_tht_tripgen_hold.json,ok,metric_json,,,,,,,
section_metric,metrics,strategy_hold,w1_tr_syn,7.0016630011,float,outputs/save_data/ryc/tht_tripgen_20260212_234749/metrics/metrics_tht_tripgen_hold.json,ok,metric_json,,,,,,,
section_metric,metrics,strategy_hold,w1_te_syn,0.2293759524,float,outputs/save_data/ryc/tht_tripgen_20260212_234749/metrics/metrics_tht_tripgen_hold.json,ok,metric_json,,,,,,,
section_metric,metrics,strategy_hold,g_tr_te,94.9274183305,float,outputs/save_data/ryc/tht_tripgen_20260212_234749/metrics/metrics_tht_tripgen_hold.json,ok,metric_json,,,,,,,
section_metric,metrics,strategy_hold,g_tr_syn,93.9727300226,float,outputs/save_data/ryc/tht_tripgen_20260212_234749/metrics/metrics_tht_tripgen_hold.json,ok,metric_json,,,,,,,
section_metric,metrics,strategy_hold,g_te_syn,92.9292633995,float,outputs/save_data/ryc/tht_tripgen_20260212_234749/metrics/metrics_tht_tripgen_hold.json,ok,metric_json,,,,,,,
section_metric,metrics,strategy_hold,cov_tr_te,95.397,float,outputs/save_data/ryc/tht_tripgen_20260212_234749/metrics/metrics_tht_tripgen_hold.json,ok,metric_json,,,,,,,
section_metric,metrics,strategy_hold,cov_tr_syn,95.824,float,outputs/save_data/ryc/tht_tripgen_20260212_234749/metrics/metrics_tht_tripgen_hold.json,ok,metric_json,,,,,,,
section_metric,metrics,strategy_hold,cov_te_syn,96.319,float,outputs/save_data/ryc/tht_tripgen_20260212_234749/metrics/metrics_tht_tripgen_hold.json,ok,metric_json,,,,,,,
section_metric,metrics,strategy_hold,coverage_k,5.0,float,outputs/save_data/ryc/tht_tripgen_20260212_234749/metrics/metrics_tht_tripgen_hold.json,ok,metric_json,,,,,,,
section_metric,metrics,strategy_hold,coverage_max_samples,100000.0,float,outputs/save_data/ryc/tht_tripgen_20260212_234749/metrics/metrics_tht_tripgen_hold.json,ok,metric_json,,,,,,,
section_metric,metrics,strategy_hold,coverage_time_weight,1.0,float,outputs/save_data/ryc/tht_tripgen_20260212_234749/metrics/metrics_tht_tripgen_hold.json,ok,metric_json,,,,,,,
section_metric,metrics,strategy_hold,coverage_space_weight,1.0,float,outputs/save_data/ryc/tht_tripgen_20260212_234749/metrics/metrics_tht_tripgen_hold.json,ok,metric_json,,,,,,,
section_metric,metrics,strategy_hold,dcr_tr_syn_p05,0.1020172387,float,outputs/save_data/ryc/tht_tripgen_20260212_234749/metrics/metrics_tht_tripgen_hold.json,ok,metric_json,,,,,,,
section_metric,metrics,strategy_hold,dcr_hold_syn_p05,0.1017505974,float,outputs/save_data/ryc/tht_tripgen_20260212_234749/metrics/metrics_tht_tripgen_hold.json,ok,metric_json,,,,,,,
section_metric,metrics,strategy_hold,rdcr_p05,1.0026205387,float,outputs/save_data/ryc/tht_tripgen_20260212_234749/metrics/metrics_tht_tripgen_hold.json,ok,metric_json,,,,,,,
section_metric,metrics,strategy_hold,dcr_alpha,0.05,float,outputs/save_data/ryc/tht_tripgen_20260212_234749/metrics/metrics_tht_tripgen_hold.json,ok,metric_json,,,,,,,
section_metric,metrics,strategy_hold,dcr_max_samples,20000.0,float,outputs/save_data/ryc/tht_tripgen_20260212_234749/metrics/metrics_tht_tripgen_hold.json,ok,metric_json,,,,,,,
section_metric,metrics,strategy_hold,dcr_chunk_size,1024.0,float,outputs/save_data/ryc/tht_tripgen_20260212_234749/metrics/metrics_tht_tripgen_hold.json,ok,metric_json,,,,,,,
section_metric,metrics,strategy_hold,dcr_within_excludes_self,1.0,float,outputs/save_data/ryc/tht_tripgen_20260212_234749/metrics/metrics_tht_tripgen_hold.json,ok,metric_json,,,,,,,
section_metric,metrics,strategy_hold,cov_tr_te_ext,95.129,float,outputs/save_data/ryc/tht_tripgen_20260212_234749/metrics/metrics_tht_tripgen_hold.json,ok,metric_json,,,,,,,
section_metric,metrics,strategy_hold,cov_tr_syn_ext,95.065,float,outputs/save_data/ryc/tht_tripgen_20260212_234749/metrics/metrics_tht_tripgen_hold.json,ok,metric_json,,,,,,,
section_metric,metrics,strategy_hold,cov_te_syn_ext,95.748,float,outputs/save_data/ryc/tht_tripgen_20260212_234749/metrics/metrics_tht_tripgen_hold.json,ok,metric_json,,,,,,,
section_metric,metrics,strategy_hold,dcr_tr_syn_p005_ext,0.0694560409,float,outputs/save_data/ryc/tht_tripgen_20260212_234749/metrics/metrics_tht_tripgen_hold.json,ok,metric_json,,,,,,,
section_metric,metrics,strategy_hold,dcr_hold_syn_p005_ext,0.0664253458,float,outputs/save_data/ryc/tht_tripgen_20260212_234749/metrics/metrics_tht_tripgen_hold.json,ok,metric_json,,,,,,,
section_metric,metrics,strategy_hold,rdcr_p005_ext,1.0456255814,float,outputs/save_data/ryc/tht_tripgen_20260212_234749/metrics/metrics_tht_tripgen_hold.json,ok,metric_json,,,,,,,
section_metric,metrics,strategy_hold,dcr_tr_syn_p01_ext,0.0976470038,float,outputs/save_data/ryc/tht_tripgen_20260212_234749/metrics/metrics_tht_tripgen_hold.json,ok,metric_json,,,,,,,
section_metric,metrics,strategy_hold,dcr_hold_syn_p01_ext,0.0982181206,float,outputs/save_data/ryc/tht_tripgen_20260212_234749/metrics/metrics_tht_tripgen_hold.json,ok,metric_json,,,,,,,
section_metric,metrics,strategy_hold,rdcr_p01_ext,0.9941852196,float,outputs/save_data/ryc/tht_tripgen_20260212_234749/metrics/metrics_tht_tripgen_hold.json,ok,metric_json,,,,,,,
section_metric,metrics,strategy_hold,dcr_tr_syn_p05_ext,0.185671702,float,outputs/save_data/ryc/tht_tripgen_20260212_234749/metrics/metrics_tht_tripgen_hold.json,ok,metric_json,,,,,,,
section_metric,metrics,strategy_hold,dcr_hold_syn_p05_ext,0.1830082238,float,outputs/save_data/ryc/tht_tripgen_20260212_234749/metrics/metrics_tht_tripgen_hold.json,ok,metric_json,,,,,,,
section_metric,metrics,strategy_hold,rdcr_p05_ext,1.014553872,float,outputs/save_data/ryc/tht_tripgen_20260212_234749/metrics/metrics_tht_tripgen_hold.json,ok,metric_json,,,,,,,
section_metric,metrics,strategy_hold,passenger_count_jsd,0.0001133833,float,outputs/save_data/ryc/tht_tripgen_20260212_234749/metrics/metrics_tht_tripgen_hold.json,ok,metric_json,,,,,,,
section_metric,metrics,strategy_hold,passenger_count_chi2,0.0009096929,float,outputs/save_data/ryc/tht_tripgen_20260212_234749/metrics/metrics_tht_tripgen_hold.json,ok,metric_json,,,,,,,
section_metric,metrics,strategy_hold,total_amount_log1p_w1,0.020611862,float,outputs/save_data/ryc/tht_tripgen_20260212_234749/metrics/metrics_tht_tripgen_hold.json,ok,metric_json,,,,,,,
section_metric,metrics,strategy_hold,total_amount_log1p_ks,0.0157647205,float,outputs/save_data/ryc/tht_tripgen_20260212_234749/metrics/metrics_tht_tripgen_hold.json,ok,metric_json,,,,,,,
section_metric,metrics,strategy_hold,total_amount_log1p_quantile_mae,0.0378766513,float,outputs/save_data/ryc/tht_tripgen_20260212_234749/metrics/metrics_tht_tripgen_hold.json,ok,metric_json,,,,,,,
section_metric,metrics,strategy_hold,total_amount_log1p_median_mae_by_hour,0.0134219405,float,outputs/save_data/ryc/tht_tripgen_20260212_234749/metrics/metrics_tht_tripgen_hold.json,ok,metric_json,,,,,,,
section_metric,metrics,strategy_hold,total_amount_log1p_median_mae_by_passenger_count,0.2487669025,float,outputs/save_data/ryc/tht_tripgen_20260212_234749/metrics/metrics_tht_tripgen_hold.json,ok,metric_json,,,,,,,
section_metric,metrics,strategy_hold,eval_split,hold,str,outputs/save_data/ryc/tht_tripgen_20260212_234749/metrics/metrics_tht_tripgen_hold.json,ok,metric_json,,,,,,,
section_metric,metrics,strategy_hold,n_train,3839929.0,float,outputs/save_data/ryc/tht_tripgen_20260212_234749/metrics/metrics_tht_tripgen_hold.json,ok,metric_json,,,,,,,
section_metric,metrics,strategy_hold,n_eval,1094596.0,float,outputs/save_data/ryc/tht_tripgen_20260212_234749/metrics/metrics_tht_tripgen_hold.json,ok,metric_json,,,,,,,
section_metric,metrics,strategy_hold,best_val,11.7372751236,float,outputs/save_data/ryc/tht_tripgen_20260212_234749/metrics/metrics_tht_tripgen_hold.json,ok,metric_json,,,,,,,
section_metric,metrics,strategy_hold,train_time_min,28.4010932612,float,outputs/save_data/ryc/tht_tripgen_20260212_234749/metrics/metrics_tht_tripgen_hold.json,ok,metric_json,,,,,,,
section_metric,metrics,strategy_hold,sample_time_min,0.0237860751,float,outputs/save_data/ryc/tht_tripgen_20260212_234749/metrics/metrics_tht_tripgen_hold.json,ok,metric_json,,,,,,,
section_metric,metrics,strategy_hold,total_time_min,28.4248793363,float,outputs/save_data/ryc/tht_tripgen_20260212_234749/metrics/metrics_tht_tripgen_hold.json,ok,metric_json,,,,,,,
section_metric,metrics,strategy_hold,exact_match_rate_discrete,0.9364751927,float,outputs/save_data/ryc/tht_tripgen_20260212_234749/metrics/metrics_tht_tripgen_hold.json,ok,metric_json,,,,,,,
section_metric,metrics,strategy_hold,exact_match_rate_with_r_rounded,0.2584551743,float,outputs/save_data/ryc/tht_tripgen_20260212_234749/metrics/metrics_tht_tripgen_hold.json,ok,metric_json,,,,,,,
section_status,section,strategy_val,status,ok,str,outputs/save_data/ryc/tht_tripgen_20260212_234749/metrics/metrics_tht_tripgen_val.json,ok,metric_json,,,,,,,
section_file_size_bytes,section,strategy_val,file.size_bytes,3013,int,outputs/save_data/ryc/tht_tripgen_20260212_234749/metrics/metrics_tht_tripgen_val.json,ok,metric_json,,,,,,,
section_metric,metrics,strategy_val,n_real,682599.0,float,outputs/save_data/ryc/tht_tripgen_20260212_234749/metrics/metrics_tht_tripgen_val.json,ok,metric_json,,,,,,,
section_metric,metrics,strategy_val,n_synth,682599.0,float,outputs/save_data/ryc/tht_tripgen_20260212_234749/metrics/metrics_tht_tripgen_val.json,ok,metric_json,,,,,,,
section_metric,metrics,strategy_val,hour_of_day_jsd,5.63846e-05,float,outputs/save_data/ryc/tht_tripgen_20260212_234749/metrics/metrics_tht_tripgen_val.json,ok,metric_json,,,,,,,
section_metric,metrics,strategy_val,hour_of_day_chi2,0.0004538656,float,outputs/save_data/ryc/tht_tripgen_20260212_234749/metrics/metrics_tht_tripgen_val.json,ok,metric_json,,,,,,,
section_metric,metrics,strategy_val,day_of_week_jsd,0.0,float,outputs/save_data/ryc/tht_tripgen_20260212_234749/metrics/metrics_tht_tripgen_val.json,ok,metric_json,,,,,,,
section_metric,metrics,strategy_val,day_of_week_chi2,0.0,float,outputs/save_data/ryc/tht_tripgen_20260212_234749/metrics/metrics_tht_tripgen_val.json,ok,metric_json,,,,,,,
section_metric,metrics,strategy_val,pickup_id_jsd,0.0003653369,float,outputs/save_data/ryc/tht_tripgen_20260212_234749/metrics/metrics_tht_tripgen_val.json,ok,metric_json,,,,,,,
section_metric,metrics,strategy_val,pickup_id_chi2,6.4414923382,float,outputs/save_data/ryc/tht_tripgen_20260212_234749/metrics/metrics_tht_tripgen_val.json,ok,metric_json,,,,,,,
section_metric,metrics,strategy_val,dropoff_id_jsd,0.0004486299,float,outputs/save_data/ryc/tht_tripgen_20260212_234749/metrics/metrics_tht_tripgen_val.json,ok,metric_json,,,,,,,
section_metric,metrics,strategy_val,dropoff_id_chi2,0.0036240544,float,outputs/save_data/ryc/tht_tripgen_20260212_234749/metrics/metrics_tht_tripgen_val.json,ok,metric_json,,,,,,,
section_metric,metrics,strategy_val,od_jsd,0.013528526,float,outputs/save_data/ryc/tht_tripgen_20260212_234749/metrics/metrics_tht_tripgen_val.json,ok,metric_json,,,,,,,
section_metric,metrics,strategy_val,od_chi2,37150.658811477,float,outputs/save_data/ryc/tht_tripgen_20260212_234749/metrics/metrics_tht_tripgen_val.json,ok,metric_json,,,,,,,
section_metric,metrics,strategy_val,od_coverage_real,0.6656170441,float,outputs/save_data/ryc/tht_tripgen_20260212_234749/metrics/metrics_tht_tripgen_val.json,ok,metric_json,,,,,,,
section_metric,metrics,strategy_val,od_coverage_synth,0.6039513678,float,outputs/save_data/ryc/tht_tripgen_20260212_234749/metrics/metrics_tht_tripgen_val.json,ok,metric_json,,,,,,,
section_metric,metrics,strategy_val,od_unique_real,14926.0,float,outputs/save_data/ryc/tht_tripgen_20260212_234749/metrics/metrics_tht_tripgen_val.json,ok,metric_json,,,,,,,
section_metric,metrics,strategy_val,od_unique_synth,16450.0,float,outputs/save_data/ryc/tht_tripgen_20260212_234749/metrics/metrics_tht_tripgen_val.json,ok,metric_json,,,,,,,
section_metric,metrics,strategy_val,time_jsd,0.0002367035,float,outputs/save_data/ryc/tht_tripgen_20260212_234749/metrics/metrics_tht_tripgen_val.json,ok,metric_json,,,,,,,
section_metric,metrics,strategy_val,time_chi2,0.0019448575,float,outputs/save_data/ryc/tht_tripgen_20260212_234749/metrics/metrics_tht_tripgen_val.json,ok,metric_json,,,,,,,
section_metric,metrics,strategy_val,time_coverage_real,1.0,float,outputs/save_data/ryc/tht_tripgen_20260212_234749/metrics/metrics_tht_tripgen_val.json,ok,metric_json,,,,,,,
section_metric,metrics,strategy_val,time_coverage_synth,1.0,float,outputs/save_data/ryc/tht_tripgen_20260212_234749/metrics/metrics_tht_tripgen_val.json,ok,metric_json,,,,,,,
section_metric,metrics,strategy_val,time_unique_real,144.0,float,outputs/save_data/ryc/tht_tripgen_20260212_234749/metrics/metrics_tht_tripgen_val.json,ok,metric_json,,,,,,,
section_metric,metrics,strategy_val,time_unique_synth,144.0,float,outputs/save_data/ryc/tht_tripgen_20260212_234749/metrics/metrics_tht_tripgen_val.json,ok,metric_json,,,,,,,
section_metric,metrics,strategy_val,joint_jsd,0.164714691,float,outputs/save_data/ryc/tht_tripgen_20260212_234749/metrics/metrics_tht_tripgen_val.json,ok,metric_json,,,,,,,
section_metric,metrics,strategy_val,joint_chi2,461513.5660063509,float,outputs/save_data/ryc/tht_tripgen_20260212_234749/metrics/metrics_tht_tripgen_val.json,ok,metric_json,,,,,,,
section_metric,metrics,strategy_val,joint_coverage_real,0.605018725,float,outputs/save_data/ryc/tht_tripgen_20260212_234749/metrics/metrics_tht_tripgen_val.json,ok,metric_json,,,,,,,
section_metric,metrics,strategy_val,joint_coverage_synth,0.5923404855,float,outputs/save_data/ryc/tht_tripgen_20260212_234749/metrics/metrics_tht_tripgen_val.json,ok,metric_json,,,,,,,
section_metric,metrics,strategy_val,joint_unique_real,236315.0,float,outputs/save_data/ryc/tht_tripgen_20260212_234749/metrics/metrics_tht_tripgen_val.json,ok,metric_json,,,,,,,
section_metric,metrics,strategy_val,joint_unique_synth,241373.0,float,outputs/save_data/ryc/tht_tripgen_20260212_234749/metrics/metrics_tht_tripgen_val.json,ok,metric_json,,,,,,,
section_metric,metrics,strategy_val,joint_mode_dropping_ratio,0.394981275,float,outputs/save_data/ryc/tht_tripgen_20260212_234749/metrics/metrics_tht_tripgen_val.json,ok,metric_json,,,,,,,
section_metric,metrics,strategy_val,joint_invalid_ratio,0.4076595145,float,outputs/save_data/ryc/tht_tripgen_20260212_234749/metrics/metrics_tht_tripgen_val.json,ok,metric_json,,,,,,,
section_metric,metrics,strategy_val,od_jsd_rr,0.0060546798,float,outputs/save_data/ryc/tht_tripgen_20260212_234749/metrics/metrics_tht_tripgen_val.json,ok,metric_json,,,,,,,
section_metric,metrics,strategy_val,od_chi2_rr,15491.251935314,float,outputs/save_data/ryc/tht_tripgen_20260212_234749/metrics/metrics_tht_tripgen_val.json,ok,metric_json,,,,,,,
section_metric,metrics,strategy_val,od_coverage_real_rr,0.8699814949,float,outputs/save_data/ryc/tht_tripgen_20260212_234749/metrics/metrics_tht_tripgen_val.json,ok,metric_json,,,,,,,
section_metric,metrics,strategy_val,od_coverage_synth_rr,0.868653599,float,outputs/save_data/ryc/tht_tripgen_20260212_234749/metrics/metrics_tht_tripgen_val.json,ok,metric_json,,,,,,,
section_metric,metrics,strategy_val,od_unique_real_rr,12429.0,float,outputs/save_data/ryc/tht_tripgen_20260212_234749/metrics/metrics_tht_tripgen_val.json,ok,metric_json,,,,,,,
section_metric,metrics,strategy_val,od_unique_synth_rr,12448.0,float,outputs/save_data/ryc/tht_tripgen_20260212_234749/metrics/metrics_tht_tripgen_val.json,ok,metric_json,,,,,,,
section_metric,metrics,strategy_val,joint_jsd_rr,0.0985409389,float,outputs/save_data/ryc/tht_tripgen_20260212_234749/metrics/metrics_tht_tripgen_val.json,ok,metric_json,,,,,,,
section_metric,metrics,strategy_val,joint_chi2_rr,308543.5817672253,float,outputs/save_data/ryc/tht_tripgen_20260212_234749/metrics/metrics_tht_tripgen_val.json,ok,metric_json,,,,,,,
section_metric,metrics,strategy_val,joint_coverage_real_rr,0.81703453,float,outputs/save_data/ryc/tht_tripgen_20260212_234749/metrics/metrics_tht_tripgen_val.json,ok,metric_json,,,,,,,
section_metric,metrics,strategy_val,joint_coverage_synth_rr,0.8168228939,float,outputs/save_data/ryc/tht_tripgen_20260212_234749/metrics/metrics_tht_tripgen_val.json,ok,metric_json,,,,,,,
section_metric,metrics,strategy_val,joint_unique_real_rr,185259.0,float,outputs/save_data/ryc/tht_tripgen_20260212_234749/metrics/metrics_tht_tripgen_val.json,ok,metric_json,,,,,,,
section_metric,metrics,strategy_val,joint_unique_synth_rr,185307.0,float,outputs/save_data/ryc/tht_tripgen_20260212_234749/metrics/metrics_tht_tripgen_val.json,ok,metric_json,,,,,,,
section_metric,metrics,strategy_val,joint_mode_dropping_ratio_rr,0.18296547,float,outputs/save_data/ryc/tht_tripgen_20260212_234749/metrics/metrics_tht_tripgen_val.json,ok,metric_json,,,,,,,
section_metric,metrics,strategy_val,joint_invalid_ratio_rr,0.1831771061,float,outputs/save_data/ryc/tht_tripgen_20260212_234749/metrics/metrics_tht_tripgen_val.json,ok,metric_json,,,,,,,
section_metric,metrics,strategy_val,w1_tr_te,1.3068242353,float,outputs/save_data/ryc/tht_tripgen_20260212_234749/metrics/metrics_tht_tripgen_val.json,ok,metric_json,,,,,,,
section_metric,metrics,strategy_val,w1_tr_syn,1.2537860824,float,outputs/save_data/ryc/tht_tripgen_20260212_234749/metrics/metrics_tht_tripgen_val.json,ok,metric_json,,,,,,,
section_metric,metrics,strategy_val,w1_te_syn,0.1076459239,float,outputs/save_data/ryc/tht_tripgen_20260212_234749/metrics/metrics_tht_tripgen_val.json,ok,metric_json,,,,,,,
section_metric,metrics,strategy_val,g_tr_te,95.0762685783,float,outputs/save_data/ryc/tht_tripgen_20260212_234749/metrics/metrics_tht_tripgen_val.json,ok,metric_json,,,,,,,
section_metric,metrics,strategy_val,g_tr_syn,93.863070903,float,outputs/save_data/ryc/tht_tripgen_20260212_234749/metrics/metrics_tht_tripgen_val.json,ok,metric_json,,,,,,,
section_metric,metrics,strategy_val,g_te_syn,92.4945685534,float,outputs/save_data/ryc/tht_tripgen_20260212_234749/metrics/metrics_tht_tripgen_val.json,ok,metric_json,,,,,,,
section_metric,metrics,strategy_val,cov_tr_te,96.889,float,outputs/save_data/ryc/tht_tripgen_20260212_234749/metrics/metrics_tht_tripgen_val.json,ok,metric_json,,,,,,,
section_metric,metrics,strategy_val,cov_tr_syn,96.747,float,outputs/save_data/ryc/tht_tripgen_20260212_234749/metrics/metrics_tht_tripgen_val.json,ok,metric_json,,,,,,,
section_metric,metrics,strategy_val,cov_te_syn,96.613,float,outputs/save_data/ryc/tht_tripgen_20260212_234749/metrics/metrics_tht_tripgen_val.json,ok,metric_json,,,,,,,
section_metric,metrics,strategy_val,coverage_k,5.0,float,outputs/save_data/ryc/tht_tripgen_20260212_234749/metrics/metrics_tht_tripgen_val.json,ok,metric_json,,,,,,,
section_metric,metrics,strategy_val,coverage_max_samples,100000.0,float,outputs/save_data/ryc/tht_tripgen_20260212_234749/metrics/metrics_tht_tripgen_val.json,ok,metric_json,,,,,,,
section_metric,metrics,strategy_val,coverage_time_weight,1.0,float,outputs/save_data/ryc/tht_tripgen_20260212_234749/metrics/metrics_tht_tripgen_val.json,ok,metric_json,,,,,,,
section_metric,metrics,strategy_val,coverage_space_weight,1.0,float,outputs/save_data/ryc/tht_tripgen_20260212_234749/metrics/metrics_tht_tripgen_val.json,ok,metric_json,,,,,,,
section_metric,metrics,strategy_val,dcr_tr_syn_p05,0.1030132547,float,outputs/save_data/ryc/tht_tripgen_20260212_234749/metrics/metrics_tht_tripgen_val.json,ok,metric_json,,,,,,,
section_metric,metrics,strategy_val,dcr_hold_syn_p05,0.1000086069,float,outputs/save_data/ryc/tht_tripgen_20260212_234749/metrics/metrics_tht_tripgen_val.json,ok,metric_json,,,,,,,
section_metric,metrics,strategy_val,rdcr_p05,1.0300438921,float,outputs/save_data/ryc/tht_tripgen_20260212_234749/metrics/metrics_tht_tripgen_val.json,ok,metric_json,,,,,,,
section_metric,metrics,strategy_val,dcr_alpha,0.05,float,outputs/save_data/ryc/tht_tripgen_20260212_234749/metrics/metrics_tht_tripgen_val.json,ok,metric_json,,,,,,,
section_metric,metrics,strategy_val,dcr_max_samples,20000.0,float,outputs/save_data/ryc/tht_tripgen_20260212_234749/metrics/metrics_tht_tripgen_val.json,ok,metric_json,,,,,,,
section_metric,metrics,strategy_val,dcr_chunk_size,1024.0,float,outputs/save_data/ryc/tht_tripgen_20260212_234749/metrics/metrics_tht_tripgen_val.json,ok,metric_json,,,,,,,
section_metric,metrics,strategy_val,dcr_within_excludes_self,1.0,float,outputs/save_data/ryc/tht_tripgen_20260212_234749/metrics/metrics_tht_tripgen_val.json,ok,metric_json,,,,,,,
section_metric,metrics,strategy_val,cov_tr_te_ext,96.66,float,outputs/save_data/ryc/tht_tripgen_20260212_234749/metrics/metrics_tht_tripgen_val.json,ok,metric_json,,,,,,,
section_metric,metrics,strategy_val,cov_tr_syn_ext,96.196,float,outputs/save_data/ryc/tht_tripgen_20260212_234749/metrics/metrics_tht_tripgen_val.json,ok,metric_json,,,,,,,
section_metric,metrics,strategy_val,cov_te_syn_ext,95.994,float,outputs/save_data/ryc/tht_tripgen_20260212_234749/metrics/metrics_tht_tripgen_val.json,ok,metric_json,,,,,,,
section_metric,metrics,strategy_val,dcr_tr_syn_p005_ext,0.0720356703,float,outputs/save_data/ryc/tht_tripgen_20260212_234749/metrics/metrics_tht_tripgen_val.json,ok,metric_json,,,,,,,
section_metric,metrics,strategy_val,dcr_hold_syn_p005_ext,0.0683547929,float,outputs/save_data/ryc/tht_tripgen_20260212_234749/metrics/metrics_tht_tripgen_val.json,ok,metric_json,,,,,,,
section_metric,metrics,strategy_val,rdcr_p005_ext,1.0538495873,float,outputs/save_data/ryc/tht_tripgen_20260212_234749/metrics/metrics_tht_tripgen_val.json,ok,metric_json,,,,,,,
section_metric,metrics,strategy_val,dcr_tr_syn_p01_ext,0.0981979594,float,outputs/save_data/ryc/tht_tripgen_20260212_234749/metrics/metrics_tht_tripgen_val.json,ok,metric_json,,,,,,,
section_metric,metrics,strategy_val,dcr_hold_syn_p01_ext,0.0942906886,float,outputs/save_data/ryc/tht_tripgen_20260212_234749/metrics/metrics_tht_tripgen_val.json,ok,metric_json,,,,,,,
section_metric,metrics,strategy_val,rdcr_p01_ext,1.0414385639,float,outputs/save_data/ryc/tht_tripgen_20260212_234749/metrics/metrics_tht_tripgen_val.json,ok,metric_json,,,,,,,
section_metric,metrics,strategy_val,dcr_tr_syn_p05_ext,0.1902267486,float,outputs/save_data/ryc/tht_tripgen_20260212_234749/metrics/metrics_tht_tripgen_val.json,ok,metric_json,,,,,,,
section_metric,metrics,strategy_val,dcr_hold_syn_p05_ext,0.1816420555,float,outputs/save_data/ryc/tht_tripgen_20260212_234749/metrics/metrics_tht_tripgen_val.json,ok,metric_json,,,,,,,
section_metric,metrics,strategy_val,rdcr_p05_ext,1.047261594,float,outputs/save_data/ryc/tht_tripgen_20260212_234749/metrics/metrics_tht_tripgen_val.json,ok,metric_json,,,,,,,
section_metric,metrics,strategy_val,passenger_count_jsd,5.44702e-05,float,outputs/save_data/ryc/tht_tripgen_20260212_234749/metrics/metrics_tht_tripgen_val.json,ok,metric_json,,,,,,,
section_metric,metrics,strategy_val,passenger_count_chi2,0.000427539,float,outputs/save_data/ryc/tht_tripgen_20260212_234749/metrics/metrics_tht_tripgen_val.json,ok,metric_json,,,,,,,
section_metric,metrics,strategy_val,total_amount_log1p_w1,0.030997841,float,outputs/save_data/ryc/tht_tripgen_20260212_234749/metrics/metrics_tht_tripgen_val.json,ok,metric_json,,,,,,,
section_metric,metrics,strategy_val,total_amount_log1p_ks,0.0231277807,float,outputs/save_data/ryc/tht_tripgen_20260212_234749/metrics/metrics_tht_tripgen_val.json,ok,metric_json,,,,,,,
section_metric,metrics,strategy_val,total_amount_log1p_quantile_mae,0.0483377322,float,outputs/save_data/ryc/tht_tripgen_20260212_234749/metrics/metrics_tht_tripgen_val.json,ok,metric_json,,,,,,,
section_metric,metrics,strategy_val,total_amount_log1p_median_mae_by_hour,0.0213710139,float,outputs/save_data/ryc/tht_tripgen_20260212_234749/metrics/metrics_tht_tripgen_val.json,ok,metric_json,,,,,,,
section_metric,metrics,strategy_val,total_amount_log1p_median_mae_by_passenger_count,0.4252576564,float,outputs/save_data/ryc/tht_tripgen_20260212_234749/metrics/metrics_tht_tripgen_val.json,ok,metric_json,,,,,,,
section_metric,metrics,strategy_val,eval_split,val,str,outputs/save_data/ryc/tht_tripgen_20260212_234749/metrics/metrics_tht_tripgen_val.json,ok,metric_json,,,,,,,
section_metric,metrics,strategy_val,n_train,3839929.0,float,outputs/save_data/ryc/tht_tripgen_20260212_234749/metrics/metrics_tht_tripgen_val.json,ok,metric_json,,,,,,,
section_metric,metrics,strategy_val,n_eval,682599.0,float,outputs/save_data/ryc/tht_tripgen_20260212_234749/metrics/metrics_tht_tripgen_val.json,ok,metric_json,,,,,,,
section_metric,metrics,strategy_val,best_val,11.7372751236,float,outputs/save_data/ryc/tht_tripgen_20260212_234749/metrics/metrics_tht_tripgen_val.json,ok,metric_json,,,,,,,
section_metric,metrics,strategy_val,train_time_min,28.4010932612,float,outputs/save_data/ryc/tht_tripgen_20260212_234749/metrics/metrics_tht_tripgen_val.json,ok,metric_json,,,,,,,
section_metric,metrics,strategy_val,sample_time_min,0.0141953332,float,outputs/save_data/ryc/tht_tripgen_20260212_234749/metrics/metrics_tht_tripgen_val.json,ok,metric_json,,,,,,,
section_metric,metrics,strategy_val,total_time_min,28.4152885944,float,outputs/save_data/ryc/tht_tripgen_20260212_234749/metrics/metrics_tht_tripgen_val.json,ok,metric_json,,,,,,,
section_metric,metrics,strategy_val,exact_match_rate_discrete,0.9371754134,float,outputs/save_data/ryc/tht_tripgen_20260212_234749/metrics/metrics_tht_tripgen_val.json,ok,metric_json,,,,,,,
section_metric,metrics,strategy_val,exact_match_rate_with_r_rounded,0.2564126229,float,outputs/save_data/ryc/tht_tripgen_20260212_234749/metrics/metrics_tht_tripgen_val.json,ok,metric_json,,,,,,,
section_status,section,strategy_hold_vs_val_real,status,ok,str,outputs/save_data/ryc/tht_tripgen_20260212_234749/metrics/metrics_hold_vs_val_real.json,ok,metric_json,,,,,,,
section_file_size_bytes,section,strategy_hold_vs_val_real,file.size_bytes,471,int,outputs/save_data/ryc/tht_tripgen_20260212_234749/metrics/metrics_hold_vs_val_real.json,ok,metric_json,,,,,,,
section_metric,metrics,strategy_hold_vs_val_real,od_jsd,0.0090266553,float,outputs/save_data/ryc/tht_tripgen_20260212_234749/metrics/metrics_hold_vs_val_real.json,ok,metric_json,,,,,,,
section_metric,metrics,strategy_hold_vs_val_real,od_chi2,19951.7909572768,float,outputs/save_data/ryc/tht_tripgen_20260212_234749/metrics/metrics_hold_vs_val_real.json,ok,metric_json,,,,,,,
section_metric,metrics,strategy_hold_vs_val_real,od_coverage_real,0.6291529805,float,outputs/save_data/ryc/tht_tripgen_20260212_234749/metrics/metrics_hold_vs_val_real.json,ok,metric_json,,,,,,,
section_metric,metrics,strategy_hold_vs_val_real,od_coverage_synth,0.7827951226,float,outputs/save_data/ryc/tht_tripgen_20260212_234749/metrics/metrics_hold_vs_val_real.json,ok,metric_json,,,,,,,
section_metric,metrics,strategy_hold_vs_val_real,od_unique_real,18571.0,float,outputs/save_data/ryc/tht_tripgen_20260212_234749/metrics/metrics_hold_vs_val_real.json,ok,metric_json,,,,,,,
section_metric,metrics,strategy_hold_vs_val_real,od_unique_synth,14926.0,float,outputs/save_data/ryc/tht_tripgen_20260212_234749/metrics/metrics_hold_vs_val_real.json,ok,metric_json,,,,,,,
section_metric,metrics,strategy_hold_vs_val_real,joint_jsd,0.1545052644,float,outputs/save_data/ryc/tht_tripgen_20260212_234749/metrics/metrics_hold_vs_val_real.json,ok,metric_json,,,,,,,
section_metric,metrics,strategy_hold_vs_val_real,joint_chi2,381467.5203130578,float,outputs/save_data/ryc/tht_tripgen_20260212_234749/metrics/metrics_hold_vs_val_real.json,ok,metric_json,,,,,,,
section_metric,metrics,strategy_hold_vs_val_real,joint_coverage_real,0.5438644769,float,outputs/save_data/ryc/tht_tripgen_20260212_234749/metrics/metrics_hold_vs_val_real.json,ok,metric_json,,,,,,,
section_metric,metrics,strategy_hold_vs_val_real,joint_coverage_synth,0.6857965004,float,outputs/save_data/ryc/tht_tripgen_20260212_234749/metrics/metrics_hold_vs_val_real.json,ok,metric_json,,,,,,,
section_metric,metrics,strategy_hold_vs_val_real,joint_unique_real,297986.0,float,outputs/save_data/ryc/tht_tripgen_20260212_234749/metrics/metrics_hold_vs_val_real.json,ok,metric_json,,,,,,,
section_metric,metrics,strategy_hold_vs_val_real,joint_unique_synth,236315.0,float,outputs/save_data/ryc/tht_tripgen_20260212_234749/metrics/metrics_hold_vs_val_real.json,ok,metric_json,,,,,,,
section_metric,metrics,strategy_hold_vs_val_real,joint_mode_dropping_ratio,0.4561355231,float,outputs/save_data/ryc/tht_tripgen_20260212_234749/metrics/metrics_hold_vs_val_real.json,ok,metric_json,,,,,,,
section_metric,metrics,strategy_hold_vs_val_real,joint_invalid_ratio,0.3142034996,float,outputs/save_data/ryc/tht_tripgen_20260212_234749/metrics/metrics_hold_vs_val_real.json,ok,metric_json,,,,,,,
section_status,section,strategy_downstream_hold,status,ok,str,outputs/save_data/ryc/tht_tripgen_20260212_234749/metrics/downstream_tht_tripgen_hold.json,ok,metric_json,,,,,,,
section_file_size_bytes,section,strategy_downstream_hold,file.size_bytes,1848,int,outputs/save_data/ryc/tht_tripgen_20260212_234749/metrics/downstream_tht_tripgen_hold.json,ok,metric_json,,,,,,,
section_metric,metrics,strategy_downstream_hold,skipped_fare,False,bool,outputs/save_data/ryc/tht_tripgen_20260212_234749/metrics/downstream_tht_tripgen_hold.json,ok,metric_json,,,,,,,
section_metric,metrics,strategy_downstream_hold,eval_split,hold,str,outputs/save_data/ryc/tht_tripgen_20260212_234749/metrics/downstream_tht_tripgen_hold.json,ok,metric_json,,,,,,,
section_metric,metrics,strategy_downstream_hold,n_train_real,40000.0,float,outputs/save_data/ryc/tht_tripgen_20260212_234749/metrics/downstream_tht_tripgen_hold.json,ok,metric_json,,,,,,,
section_metric,metrics,strategy_downstream_hold,n_eval_real,20000.0,float,outputs/save_data/ryc/tht_tripgen_20260212_234749/metrics/downstream_tht_tripgen_hold.json,ok,metric_json,,,,,,,
section_metric,metrics,strategy_downstream_hold,n_synth,20000.0,float,outputs/save_data/ryc/tht_tripgen_20260212_234749/metrics/downstream_tht_tripgen_hold.json,ok,metric_json,,,,,,,
section_metric,metrics,strategy_downstream_hold,dwn_fare_tr_tr.r2,0.6719712096,float,outputs/save_data/ryc/tht_tripgen_20260212_234749/metrics/downstream_tht_tripgen_hold.json,ok,metric_json,,,,,,,
section_metric,metrics,strategy_downstream_hold,dwn_fare_tr_tr.r2_x100,67.1971209611,float,outputs/save_data/ryc/tht_tripgen_20260212_234749/metrics/downstream_tht_tripgen_hold.json,ok,metric_json,,,,,,,
section_metric,metrics,strategy_downstream_hold,dwn_fare_tr_tr.mae,8.5731219724,float,outputs/save_data/ryc/tht_tripgen_20260212_234749/metrics/downstream_tht_tripgen_hold.json,ok,metric_json,,,,,,,
section_metric,metrics,strategy_downstream_hold,dwn_fare_tr_tr.rmse,12.8516641638,float,outputs/save_data/ryc/tht_tripgen_20260212_234749/metrics/downstream_tht_tripgen_hold.json,ok,metric_json,,,,,,,
section_metric,metrics,strategy_downstream_hold,dwn_fare_tr_te.r2,0.6680822367,float,outputs/save_data/ryc/tht_tripgen_20260212_234749/metrics/downstream_tht_tripgen_hold.json,ok,metric_json,,,,,,,
section_metric,metrics,strategy_downstream_hold,dwn_fare_tr_te.r2_x100,66.8082236736,float,outputs/save_data/ryc/tht_tripgen_20260212_234749/metrics/downstream_tht_tripgen_hold.json,ok,metric_json,,,,,,,
section_metric,metrics,strategy_downstream_hold,dwn_fare_tr_te.mae,8.9396313045,float,outputs/save_data/ryc/tht_tripgen_20260212_234749/metrics/downstream_tht_tripgen_hold.json,ok,metric_json,,,,,,,
section_metric,metrics,strategy_downstream_hold,dwn_fare_tr_te.rmse,13.83068226,float,outputs/save_data/ryc/tht_tripgen_20260212_234749/metrics/downstream_tht_tripgen_hold.json,ok,metric_json,,,,,,,
section_metric,metrics,strategy_downstream_hold,dwn_fare_tr_syn.r2,0.693675606,float,outputs/save_data/ryc/tht_tripgen_20260212_234749/metrics/downstream_tht_tripgen_hold.json,ok,metric_json,,,,,,,
section_metric,metrics,strategy_downstream_hold,dwn_fare_tr_syn.r2_x100,69.3675605988,float,outputs/save_data/ryc/tht_tripgen_20260212_234749/metrics/downstream_tht_tripgen_hold.json,ok,metric_json,,,,,,,
section_metric,metrics,strategy_downstream_hold,dwn_fare_tr_syn.mae,8.4818306791,float,outputs/save_data/ryc/tht_tripgen_20260212_234749/metrics/downstream_tht_tripgen_hold.json,ok,metric_json,,,,,,,
section_metric,metrics,strategy_downstream_hold,dwn_fare_tr_syn.rmse,12.2267522227,float,outputs/save_data/ryc/tht_tripgen_20260212_234749/metrics/downstream_tht_tripgen_hold.json,ok,metric_json,,,,,,,
section_metric,metrics,strategy_downstream_hold,dwn_fare_syn_tr.r2,0.6468164098,float,outputs/save_data/ryc/tht_tripgen_20260212_234749/metrics/downstream_tht_tripgen_hold.json,ok,metric_json,,,,,,,
section_metric,metrics,strategy_downstream_hold,dwn_fare_syn_tr.r2_x100,64.6816409833,float,outputs/save_data/ryc/tht_tripgen_20260212_234749/metrics/downstream_tht_tripgen_hold.json,ok,metric_json,,,,,,,
section_metric,metrics,strategy_downstream_hold,dwn_fare_syn_tr.mae,8.6203680473,float,outputs/save_data/ryc/tht_tripgen_20260212_234749/metrics/downstream_tht_tripgen_hold.json,ok,metric_json,,,,,,,
section_metric,metrics,strategy_downstream_hold,dwn_fare_syn_tr.rmse,13.3353262552,float,outputs/save_data/ryc/tht_tripgen_20260212_234749/metrics/downstream_tht_tripgen_hold.json,ok,metric_json,,,,,,,
section_metric,metrics,strategy_downstream_hold,dwn_fare_syn_te.r2,0.6669257199,float,outputs/save_data/ryc/tht_tripgen_20260212_234749/metrics/downstream_tht_tripgen_hold.json,ok,metric_json,,,,,,,
section_metric,metrics,strategy_downstream_hold,dwn_fare_syn_te.r2_x100,66.6925719924,float,outputs/save_data/ryc/tht_tripgen_20260212_234749/metrics/downstream_tht_tripgen_hold.json,ok,metric_json,,,,,,,
section_metric,metrics,strategy_downstream_hold,dwn_fare_syn_te.mae,8.8906655452,float,outputs/save_data/ryc/tht_tripgen_20260212_234749/metrics/downstream_tht_tripgen_hold.json,ok,metric_json,,,,,,,
section_metric,metrics,strategy_downstream_hold,dwn_fare_syn_te.rmse,13.8547567585,float,outputs/save_data/ryc/tht_tripgen_20260212_234749/metrics/downstream_tht_tripgen_hold.json,ok,metric_json,,,,,,,
section_metric,metrics,strategy_downstream_hold,dwn_fare_syn_syn.r2,0.7247251533,float,outputs/save_data/ryc/tht_tripgen_20260212_234749/metrics/downstream_tht_tripgen_hold.json,ok,metric_json,,,,,,,
section_metric,metrics,strategy_downstream_hold,dwn_fare_syn_syn.r2_x100,72.4725153346,float,outputs/save_data/ryc/tht_tripgen_20260212_234749/metrics/downstream_tht_tripgen_hold.json,ok,metric_json,,,,,,,
section_metric,metrics,strategy_downstream_hold,dwn_fare_syn_syn.mae,8.2720025164,float,outputs/save_data/ryc/tht_tripgen_20260212_234749/metrics/downstream_tht_tripgen_hold.json,ok,metric_json,,,,,,,
section_metric,metrics,strategy_downstream_hold,dwn_fare_syn_syn.rmse,11.5905377133,float,outputs/save_data/ryc/tht_tripgen_20260212_234749/metrics/downstream_tht_tripgen_hold.json,ok,metric_json,,,,,,,
section_metric,metrics,strategy_downstream_hold,dwn_fare_tr_tr_r2,0.6719712096,float,outputs/save_data/ryc/tht_tripgen_20260212_234749/metrics/downstream_tht_tripgen_hold.json,ok,metric_json,,,,,,,
section_metric,metrics,strategy_downstream_hold,dwn_fare_tr_tr_r2_x100,67.1971209611,float,outputs/save_data/ryc/tht_tripgen_20260212_234749/metrics/downstream_tht_tripgen_hold.json,ok,metric_json,,,,,,,
section_metric,metrics,strategy_downstream_hold,dwn_fare_tr_tr_mae,8.5731219724,float,outputs/save_data/ryc/tht_tripgen_20260212_234749/metrics/downstream_tht_tripgen_hold.json,ok,metric_json,,,,,,,
section_metric,metrics,strategy_downstream_hold,dwn_fare_tr_tr_rmse,12.8516641638,float,outputs/save_data/ryc/tht_tripgen_20260212_234749/metrics/downstream_tht_tripgen_hold.json,ok,metric_json,,,,,,,
section_metric,metrics,strategy_downstream_hold,dwn_fare_tr_te_r2,0.6680822367,float,outputs/save_data/ryc/tht_tripgen_20260212_234749/metrics/downstream_tht_tripgen_hold.json,ok,metric_json,,,,,,,
section_metric,metrics,strategy_downstream_hold,dwn_fare_tr_te_r2_x100,66.8082236736,float,outputs/save_data/ryc/tht_tripgen_20260212_234749/metrics/downstream_tht_tripgen_hold.json,ok,metric_json,,,,,,,
section_metric,metrics,strategy_downstream_hold,dwn_fare_tr_te_mae,8.9396313045,float,outputs/save_data/ryc/tht_tripgen_20260212_234749/metrics/downstream_tht_tripgen_hold.json,ok,metric_json,,,,,,,
section_metric,metrics,strategy_downstream_hold,dwn_fare_tr_te_rmse,13.83068226,float,outputs/save_data/ryc/tht_tripgen_20260212_234749/metrics/downstream_tht_tripgen_hold.json,ok,metric_json,,,,,,,
section_metric,metrics,strategy_downstream_hold,dwn_fare_tr_syn_r2,0.693675606,float,outputs/save_data/ryc/tht_tripgen_20260212_234749/metrics/downstream_tht_tripgen_hold.json,ok,metric_json,,,,,,,
section_metric,metrics,strategy_downstream_hold,dwn_fare_tr_syn_r2_x100,69.3675605988,float,outputs/save_data/ryc/tht_tripgen_20260212_234749/metrics/downstream_tht_tripgen_hold.json,ok,metric_json,,,,,,,
section_metric,metrics,strategy_downstream_hold,dwn_fare_tr_syn_mae,8.4818306791,float,outputs/save_data/ryc/tht_tripgen_20260212_234749/metrics/downstream_tht_tripgen_hold.json,ok,metric_json,,,,,,,
section_metric,metrics,strategy_downstream_hold,dwn_fare_tr_syn_rmse,12.2267522227,float,outputs/save_data/ryc/tht_tripgen_20260212_234749/metrics/downstream_tht_tripgen_hold.json,ok,metric_json,,,,,,,
section_metric,metrics,strategy_downstream_hold,dwn_fare_syn_tr_r2,0.6468164098,float,outputs/save_data/ryc/tht_tripgen_20260212_234749/metrics/downstream_tht_tripgen_hold.json,ok,metric_json,,,,,,,
section_metric,metrics,strategy_downstream_hold,dwn_fare_syn_tr_r2_x100,64.6816409833,float,outputs/save_data/ryc/tht_tripgen_20260212_234749/metrics/downstream_tht_tripgen_hold.json,ok,metric_json,,,,,,,
section_metric,metrics,strategy_downstream_hold,dwn_fare_syn_tr_mae,8.6203680473,float,outputs/save_data/ryc/tht_tripgen_20260212_234749/metrics/downstream_tht_tripgen_hold.json,ok,metric_json,,,,,,,
section_metric,metrics,strategy_downstream_hold,dwn_fare_syn_tr_rmse,13.3353262552,float,outputs/save_data/ryc/tht_tripgen_20260212_234749/metrics/downstream_tht_tripgen_hold.json,ok,metric_json,,,,,,,
section_metric,metrics,strategy_downstream_hold,dwn_fare_syn_te_r2,0.6669257199,float,outputs/save_data/ryc/tht_tripgen_20260212_234749/metrics/downstream_tht_tripgen_hold.json,ok,metric_json,,,,,,,
section_metric,metrics,strategy_downstream_hold,dwn_fare_syn_te_r2_x100,66.6925719924,float,outputs/save_data/ryc/tht_tripgen_20260212_234749/metrics/downstream_tht_tripgen_hold.json,ok,metric_json,,,,,,,
section_metric,metrics,strategy_downstream_hold,dwn_fare_syn_te_mae,8.8906655452,float,outputs/save_data/ryc/tht_tripgen_20260212_234749/metrics/downstream_tht_tripgen_hold.json,ok,metric_json,,,,,,,
section_metric,metrics,strategy_downstream_hold,dwn_fare_syn_te_rmse,13.8547567585,float,outputs/save_data/ryc/tht_tripgen_20260212_234749/metrics/downstream_tht_tripgen_hold.json,ok,metric_json,,,,,,,
section_metric,metrics,strategy_downstream_hold,dwn_fare_syn_syn_r2,0.7247251533,float,outputs/save_data/ryc/tht_tripgen_20260212_234749/metrics/downstream_tht_tripgen_hold.json,ok,metric_json,,,,,,,
section_metric,metrics,strategy_downstream_hold,dwn_fare_syn_syn_r2_x100,72.4725153346,float,outputs/save_data/ryc/tht_tripgen_20260212_234749/metrics/downstream_tht_tripgen_hold.json,ok,metric_json,,,,,,,
section_metric,metrics,strategy_downstream_hold,dwn_fare_syn_syn_mae,8.2720025164,float,outputs/save_data/ryc/tht_tripgen_20260212_234749/metrics/downstream_tht_tripgen_hold.json,ok,metric_json,,,,,,,
section_metric,metrics,strategy_downstream_hold,dwn_fare_syn_syn_rmse,11.5905377133,float,outputs/save_data/ryc/tht_tripgen_20260212_234749/metrics/downstream_tht_tripgen_hold.json,ok,metric_json,,,,,,,
section_status,section,strategy_downstream_val,status,missing,str,,missing,metric_json,,,,,,,
section_status,section,strategy_privacy_hold,status,ok,str,outputs/save_data/ryc/tht_tripgen_20260212_234749/metrics/privacy_report_tht_tripgen_hold.json,ok,metric_json,,,,,,,
section_file_size_bytes,section,strategy_privacy_hold,file.size_bytes,772,int,outputs/save_data/ryc/tht_tripgen_20260212_234749/metrics/privacy_report_tht_tripgen_hold.json,ok,metric_json,,,,,,,
section_metric,metrics,strategy_privacy_hold,exact_match_rate_discrete,0.9366323282745415,float,outputs/save_data/ryc/tht_tripgen_20260212_234749/metrics/privacy_report_tht_tripgen_hold.json,ok,metric_json,,,,,,,
section_metric,metrics,strategy_privacy_hold,exact_match_rate_with_r_rounded,0.25827702640974387,float,outputs/save_data/ryc/tht_tripgen_20260212_234749/metrics/privacy_report_tht_tripgen_hold.json,ok,metric_json,,,,,,,
section_metric,metrics,strategy_privacy_hold,min_distance_quantiles.0.0,1.490133217885159e-05,float,outputs/save_data/ryc/tht_tripgen_20260212_234749/metrics/privacy_report_tht_tripgen_hold.json,ok,metric_json,,,,,,,
section_metric,metrics,strategy_privacy_hold,min_distance_quantiles.0.01,0.025799290761351585,float,outputs/save_data/ryc/tht_tripgen_20260212_234749/metrics/privacy_report_tht_tripgen_hold.json,ok,metric_json,,,,,,,
section_metric,metrics,strategy_privacy_hold,min_distance_quantiles.0.05,0.10149760842323304,float,outputs/save_data/ryc/tht_tripgen_20260212_234749/metrics/privacy_report_tht_tripgen_hold.json,ok,metric_json,,,,,,,
section_metric,metrics,strategy_privacy_hold,min_distance_quantiles.0.1,0.1571439176797867,float,outputs/save_data/ryc/tht_tripgen_20260212_234749/metrics/privacy_report_tht_tripgen_hold.json,ok,metric_json,,,,,,,
section_metric,metrics,strategy_privacy_hold,min_distance_quantiles.0.25,0.29338400065898895,float,outputs/save_data/ryc/tht_tripgen_20260212_234749/metrics/privacy_report_tht_tripgen_hold.json,ok,metric_json,,,,,,,
section_metric,metrics,strategy_privacy_hold,min_distance_quantiles.0.5,0.4880054146051407,float,outputs/save_data/ryc/tht_tripgen_20260212_234749/metrics/privacy_report_tht_tripgen_hold.json,ok,metric_json,,,,,,,
section_metric,metrics,strategy_privacy_hold,min_distance_quantiles.0.75,0.7995912134647369,float,outputs/save_data/ryc/tht_tripgen_20260212_234749/metrics/privacy_report_tht_tripgen_hold.json,ok,metric_json,,,,,,,
section_metric,metrics,strategy_privacy_hold,min_distance_quantiles.0.9,1.0535706639289857,float,outputs/save_data/ryc/tht_tripgen_20260212_234749/metrics/privacy_report_tht_tripgen_hold.json,ok,metric_json,,,,,,,
section_metric,metrics,strategy_privacy_hold,min_distance_quantiles.0.95,1.1117314159870149,float,outputs/save_data/ryc/tht_tripgen_20260212_234749/metrics/privacy_report_tht_tripgen_hold.json,ok,metric_json,,,,,,,
section_metric,metrics,strategy_privacy_hold,min_distance_quantiles.0.99,1.3265924108028389,float,outputs/save_data/ryc/tht_tripgen_20260212_234749/metrics/privacy_report_tht_tripgen_hold.json,ok,metric_json,,,,,,,
section_metric,metrics,strategy_privacy_hold,min_distance_quantiles.1.0,2.0057904720306396,float,outputs/save_data/ryc/tht_tripgen_20260212_234749/metrics/privacy_report_tht_tripgen_hold.json,ok,metric_json,,,,,,,
section_metric,metrics,strategy_privacy_hold,min_distance_summary.min,1.490133217885159e-05,float,outputs/save_data/ryc/tht_tripgen_20260212_234749/metrics/privacy_report_tht_tripgen_hold.json,ok,metric_json,,,,,,,
section_metric,metrics,strategy_privacy_hold,min_distance_summary.max,2.0057904720306396,float,outputs/save_data/ryc/tht_tripgen_20260212_234749/metrics/privacy_report_tht_tripgen_hold.json,ok,metric_json,,,,,,,
section_metric,metrics,strategy_privacy_hold,min_distance_summary.mean,0.5571144819259644,float,outputs/save_data/ryc/tht_tripgen_20260212_234749/metrics/privacy_report_tht_tripgen_hold.json,ok,metric_json,,,,,,,
section_metric,metrics,strategy_privacy_hold,min_distance_summary.median,0.4880053997039795,float,outputs/save_data/ryc/tht_tripgen_20260212_234749/metrics/privacy_report_tht_tripgen_hold.json,ok,metric_json,,,,,,,
section_metric,metrics,strategy_privacy_hold,meta.split,hold,str,outputs/save_data/ryc/tht_tripgen_20260212_234749/metrics/privacy_report_tht_tripgen_hold.json,ok,metric_json,,,,,,,
section_metric,metrics,strategy_privacy_hold,meta.n_train,3839929.0,float,outputs/save_data/ryc/tht_tripgen_20260212_234749/metrics/privacy_report_tht_tripgen_hold.json,ok,metric_json,,,,,,,
section_metric,metrics,strategy_privacy_hold,meta.n_synth,1094596.0,float,outputs/save_data/ryc/tht_tripgen_20260212_234749/metrics/privacy_report_tht_tripgen_hold.json,ok,metric_json,,,,,,,
section_metric,metrics,strategy_privacy_hold,meta.r_decimals,2,int,outputs/save_data/ryc/tht_tripgen_20260212_234749/metrics/privacy_report_tht_tripgen_hold.json,ok,metric_json,,,,,,,
section_status,section,strategy_privacy_val,status,ok,str,outputs/save_data/ryc/tht_tripgen_20260212_234749/metrics/privacy_report_tht_tripgen_val.json,ok,metric_json,,,,,,,
section_file_size_bytes,section,strategy_privacy_val,file.size_bytes,766,int,outputs/save_data/ryc/tht_tripgen_20260212_234749/metrics/privacy_report_tht_tripgen_val.json,ok,metric_json,,,,,,,
section_metric,metrics,strategy_privacy_val,exact_match_rate_discrete,0.9371754133832602,float,outputs/save_data/ryc/tht_tripgen_20260212_234749/metrics/privacy_report_tht_tripgen_val.json,ok,metric_json,,,,,,,
section_metric,metrics,strategy_privacy_val,exact_match_rate_with_r_rounded,0.25641262293088624,float,outputs/save_data/ryc/tht_tripgen_20260212_234749/metrics/privacy_report_tht_tripgen_val.json,ok,metric_json,,,,,,,
section_metric,metrics,strategy_privacy_val,min_distance_quantiles.0.0,2.73287296295166e-05,float,outputs/save_data/ryc/tht_tripgen_20260212_234749/metrics/privacy_report_tht_tripgen_val.json,ok,metric_json,,,,,,,
section_metric,metrics,strategy_privacy_val,min_distance_quantiles.0.01,0.023617365062236786,float,outputs/save_data/ryc/tht_tripgen_20260212_234749/metrics/privacy_report_tht_tripgen_val.json,ok,metric_json,,,,,,,
section_metric,metrics,strategy_privacy_val,min_distance_quantiles.0.05,0.10279247350990772,float,outputs/save_data/ryc/tht_tripgen_20260212_234749/metrics/privacy_report_tht_tripgen_val.json,ok,metric_json,,,,,,,
section_metric,metrics,strategy_privacy_val,min_distance_quantiles.0.1,0.1611064314842224,float,outputs/save_data/ryc/tht_tripgen_20260212_234749/metrics/privacy_report_tht_tripgen_val.json,ok,metric_json,,,,,,,
section_metric,metrics,strategy_privacy_val,min_distance_quantiles.0.25,0.2957938313484192,float,outputs/save_data/ryc/tht_tripgen_20260212_234749/metrics/privacy_report_tht_tripgen_val.json,ok,metric_json,,,,,,,
section_metric,metrics,strategy_privacy_val,min_distance_quantiles.0.5,0.4930937588214874,float,outputs/save_data/ryc/tht_tripgen_20260212_234749/metrics/privacy_report_tht_tripgen_val.json,ok,metric_json,,,,,,,
section_metric,metrics,strategy_privacy_val,min_distance_quantiles.0.75,0.8078744858503342,float,outputs/save_data/ryc/tht_tripgen_20260212_234749/metrics/privacy_report_tht_tripgen_val.json,ok,metric_json,,,,,,,
section_metric,metrics,strategy_privacy_val,min_distance_quantiles.0.9,1.0573956489562988,float,outputs/save_data/ryc/tht_tripgen_20260212_234749/metrics/privacy_report_tht_tripgen_val.json,ok,metric_json,,,,,,,
section_metric,metrics,strategy_privacy_val,min_distance_quantiles.0.95,1.112396091222763,float,outputs/save_data/ryc/tht_tripgen_20260212_234749/metrics/privacy_report_tht_tripgen_val.json,ok,metric_json,,,,,,,
section_metric,metrics,strategy_privacy_val,min_distance_quantiles.0.99,1.3208534240722654,float,outputs/save_data/ryc/tht_tripgen_20260212_234749/metrics/privacy_report_tht_tripgen_val.json,ok,metric_json,,,,,,,
section_metric,metrics,strategy_privacy_val,min_distance_quantiles.1.0,2.0163612365722656,float,outputs/save_data/ryc/tht_tripgen_20260212_234749/metrics/privacy_report_tht_tripgen_val.json,ok,metric_json,,,,,,,
section_metric,metrics,strategy_privacy_val,min_distance_summary.min,2.73287296295166e-05,float,outputs/save_data/ryc/tht_tripgen_20260212_234749/metrics/privacy_report_tht_tripgen_val.json,ok,metric_json,,,,,,,
section_metric,metrics,strategy_privacy_val,min_distance_summary.max,2.0163612365722656,float,outputs/save_data/ryc/tht_tripgen_20260212_234749/metrics/privacy_report_tht_tripgen_val.json,ok,metric_json,,,,,,,
section_metric,metrics,strategy_privacy_val,min_distance_summary.mean,0.5615060329437256,float,outputs/save_data/ryc/tht_tripgen_20260212_234749/metrics/privacy_report_tht_tripgen_val.json,ok,metric_json,,,,,,,
section_metric,metrics,strategy_privacy_val,min_distance_summary.median,0.4930937588214874,float,outputs/save_data/ryc/tht_tripgen_20260212_234749/metrics/privacy_report_tht_tripgen_val.json,ok,metric_json,,,,,,,
section_metric,metrics,strategy_privacy_val,meta.split,val,str,outputs/save_data/ryc/tht_tripgen_20260212_234749/metrics/privacy_report_tht_tripgen_val.json,ok,metric_json,,,,,,,
section_metric,metrics,strategy_privacy_val,meta.n_train,3839929.0,float,outputs/save_data/ryc/tht_tripgen_20260212_234749/metrics/privacy_report_tht_tripgen_val.json,ok,metric_json,,,,,,,
section_metric,metrics,strategy_privacy_val,meta.n_synth,682599.0,float,outputs/save_data/ryc/tht_tripgen_20260212_234749/metrics/privacy_report_tht_tripgen_val.json,ok,metric_json,,,,,,,
section_metric,metrics,strategy_privacy_val,meta.r_decimals,2,int,outputs/save_data/ryc/tht_tripgen_20260212_234749/metrics/privacy_report_tht_tripgen_val.json,ok,metric_json,,,,,,,
topk_summary,topk_summary,strategy_hold,summary.row_count,20,int,outputs/save_data/ryc/tht_tripgen_20260212_234749/metrics/topk_tht_tripgen_hold_dropoff_id.csv,ok,metric_topk,hold,,,dropoff_id,,,
topk_summary,topk_summary,strategy_hold,summary.columns,category|real_prob|synth_prob|abs_diff,str,outputs/save_data/ryc/tht_tripgen_20260212_234749/metrics/topk_tht_tripgen_hold_dropoff_id.csv,ok,metric_topk,hold,,,dropoff_id,,,
topk_summary,topk_summary,strategy_hold,summary.n_rows,20,int,outputs/save_data/ryc/tht_tripgen_20260212_234749/metrics/topk_tht_tripgen_hold_dropoff_id.csv,ok,metric_topk,hold,,,dropoff_id,,,
topk_summary,topk_summary,strategy_hold,summary.row_count,20,int,outputs/save_data/ryc/tht_tripgen_20260212_234749/metrics/topk_tht_tripgen_hold_pickup_id.csv,ok,metric_topk,hold,,,pickup_id,,,
topk_summary,topk_summary,strategy_hold,summary.columns,category|real_prob|synth_prob|abs_diff,str,outputs/save_data/ryc/tht_tripgen_20260212_234749/metrics/topk_tht_tripgen_hold_pickup_id.csv,ok,metric_topk,hold,,,pickup_id,,,
topk_summary,topk_summary,strategy_hold,summary.n_rows,20,int,outputs/save_data/ryc/tht_tripgen_20260212_234749/metrics/topk_tht_tripgen_hold_pickup_id.csv,ok,metric_topk,hold,,,pickup_id,,,
topk_summary,topk_summary,strategy_val,summary.row_count,20,int,outputs/save_data/ryc/tht_tripgen_20260212_234749/metrics/topk_tht_tripgen_val_dropoff_id.csv,ok,metric_topk,val,,,dropoff_id,,,
topk_summary,topk_summary,strategy_val,summary.columns,category|real_prob|synth_prob|abs_diff,str,outputs/save_data/ryc/tht_tripgen_20260212_234749/metrics/topk_tht_tripgen_val_dropoff_id.csv,ok,metric_topk,val,,,dropoff_id,,,
topk_summary,topk_summary,strategy_val,summary.n_rows,20,int,outputs/save_data/ryc/tht_tripgen_20260212_234749/metrics/topk_tht_tripgen_val_dropoff_id.csv,ok,metric_topk,val,,,dropoff_id,,,
topk_summary,topk_summary,strategy_val,summary.row_count,20,int,outputs/save_data/ryc/tht_tripgen_20260212_234749/metrics/topk_tht_tripgen_val_pickup_id.csv,ok,metric_topk,val,,,pickup_id,,,
topk_summary,topk_summary,strategy_val,summary.columns,category|real_prob|synth_prob|abs_diff,str,outputs/save_data/ryc/tht_tripgen_20260212_234749/metrics/topk_tht_tripgen_val_pickup_id.csv,ok,metric_topk,val,,,pickup_id,,,
topk_summary,topk_summary,strategy_val,summary.n_rows,20,int,outputs/save_data/ryc/tht_tripgen_20260212_234749/metrics/topk_tht_tripgen_val_pickup_id.csv,ok,metric_topk,val,,,pickup_id,,,
topk_row,topk,strategy_hold,topk.dropoff_id.0,,null,outputs/save_data/ryc/tht_tripgen_20260212_234749/metrics/topk_tht_tripgen_hold_dropoff_id.csv,ok,metric_topk,hold,0,236,dropoff_id,0.05020665158652142,0.05016097263282526,4.5678953696157154e-05
topk_row,topk,strategy_hold,topk.dropoff_id.1,,null,outputs/save_data/ryc/tht_tripgen_20260212_234749/metrics/topk_tht_tripgen_hold_dropoff_id.csv,ok,metric_topk,hold,1,237,dropoff_id,0.046804483115231554,0.04729050718255868,0.0004860240673271246
topk_row,topk,strategy_hold,topk.dropoff_id.2,,null,outputs/save_data/ryc/tht_tripgen_20260212_234749/metrics/topk_tht_tripgen_hold_dropoff_id.csv,ok,metric_topk,hold,2,161,dropoff_id,0.040470639395722256,0.03983113404397604,0.000639505351746214
topk_row,topk,strategy_hold,topk.dropoff_id.3,,null,outputs/save_data/ryc/tht_tripgen_20260212_234749/metrics/topk_tht_tripgen_hold_dropoff_id.csv,ok,metric_topk,hold,3,230,dropoff_id,0.032342526375027866,0.03445837551023391,0.002115849135206044
topk_row,topk,strategy_hold,topk.dropoff_id.4,,null,outputs/save_data/ryc/tht_tripgen_20260212_234749/metrics/topk_tht_tripgen_hold_dropoff_id.csv,ok,metric_topk,hold,4,162,dropoff_id,0.03098494787117804,0.030648750771974317,0.000336197099203725
topk_row,topk,strategy_hold,topk.dropoff_id.5,,null,outputs/save_data/ryc/tht_tripgen_20260212_234749/metrics/topk_tht_tripgen_hold_dropoff_id.csv,ok,metric_topk,hold,5,170,dropoff_id,0.02993067761987071,0.02993341835709248,2.740737221770817e-06
topk_row,topk,strategy_hold,topk.dropoff_id.6,,null,outputs/save_data/ryc/tht_tripgen_20260212_234749/metrics/topk_tht_tripgen_hold_dropoff_id.csv,ok,metric_topk,hold,6,142,dropoff_id,0.029507690508644286,0.030287887037774668,0.0007801965291303822
topk_row,topk,strategy_hold,topk.dropoff_id.7,,null,outputs/save_data/ryc/tht_tripgen_20260212_234749/metrics/topk_tht_tripgen_hold_dropoff_id.csv,ok,metric_topk,hold,7,239,dropoff_id,0.02802221093444522,0.030238553767782818,0.0022163428333375965
topk_row,topk,strategy_hold,topk.dropoff_id.8,,null,outputs/save_data/ryc/tht_tripgen_20260212_234749/metrics/topk_tht_tripgen_hold_dropoff_id.csv,ok,metric_topk,hold,8,141,dropoff_id,0.026236163844925435,0.02625534900547782,1.918516055238531e-05
topk_row,topk,strategy_hold,topk.dropoff_id.9,,null,outputs/save_data/ryc/tht_tripgen_20260212_234749/metrics/topk_tht_tripgen_hold_dropoff_id.csv,ok,metric_topk,hold,9,163,dropoff_id,0.02592097906442194,0.028097124418506918,0.0021761453540849775
topk_row,topk,strategy_hold,topk.dropoff_id.10,,null,outputs/save_data/ryc/tht_tripgen_20260212_234749/metrics/topk_tht_tripgen_hold_dropoff_id.csv,ok,metric_topk,hold,10,68,dropoff_id,0.024744289217208906,0.025073177683821245,0.00032888846661233845
topk_row,topk,strategy_hold,topk.dropoff_id.11,,null,outputs/save_data/ryc/tht_tripgen_20260212_234749/metrics/topk_tht_tripgen_hold_dropoff_id.csv,ok,metric_topk,hold,11,238,dropoff_id,0.023225920796348606,0.02294362486250635,0.0002822959338422554
topk_row,topk,strategy_hold,topk.dropoff_id.12,,null,outputs/save_data/ryc/tht_tripgen_20260212_234749/metrics/topk_tht_tripgen_hold_dropoff_id.csv,ok,metric_topk,hold,12,48,dropoff_id,0.02312268636099529,0.021882959557681554,0.001239726803313735
topk_row,topk,strategy_hold,topk.dropoff_id.13,,null,outputs/save_data/ryc/tht_tripgen_20260212_234749/metrics/topk_tht_tripgen_hold_dropoff_id.csv,ok,metric_topk,hold,13,234,dropoff_id,0.023014884030272357,0.024599030144455122,0.0015841461141827655
topk_row,topk,strategy_hold,topk.dropoff_id.14,,null,outputs/save_data/ryc/tht_tripgen_20260212_234749/metrics/topk_tht_tripgen_hold_dropoff_id.csv,ok,metric_topk,hold,14,186,dropoff_id,0.021689280794009846,0.02096024469301916,0.0007290361009906869
topk_row,topk,strategy_hold,topk.dropoff_id.15,,null,outputs/save_data/ryc/tht_tripgen_20260212_234749/metrics/topk_tht_tripgen_hold_dropoff_id.csv,ok,metric_topk,hold,15,164,dropoff_id,0.021638120365870147,0.022141502435601812,0.000503382069731665
topk_row,topk,strategy_hold,topk.dropoff_id.16,,null,outputs/save_data/ryc/tht_tripgen_20260212_234749/metrics/topk_tht_tripgen_hold_dropoff_id.csv,ok,metric_topk,hold,16,229,dropoff_id,0.02119412093594349,0.019739703050257813,0.001454417885685677
topk_row,topk,strategy_hold,topk.dropoff_id.17,,null,outputs/save_data/ryc/tht_tripgen_20260212_234749/metrics/topk_tht_tripgen_hold_dropoff_id.csv,ok,metric_topk,hold,17,140,dropoff_id,0.02111646671466002,0.019962616344295064,0.0011538503703649554
topk_row,topk,strategy_hold,topk.dropoff_id.18,,null,outputs/save_data/ryc/tht_tripgen_20260212_234749/metrics/topk_tht_tripgen_hold_dropoff_id.csv,ok,metric_topk,hold,18,263,dropoff_id,0.02006767793779623,0.018859926402069804,0.001207751535726425
topk_row,topk,strategy_hold,topk.dropoff_id.19,,null,outputs/save_data/ryc/tht_tripgen_20260212_234749/metrics/topk_tht_tripgen_hold_dropoff_id.csv,ok,metric_topk,hold,19,246,dropoff_id,0.018453383714173998,0.01949943175381602,0.0010460480396420231
topk_row,topk,strategy_hold,topk.pickup_id.0,,null,outputs/save_data/ryc/tht_tripgen_20260212_234749/metrics/topk_tht_tripgen_hold_pickup_id.csv,ok,metric_topk,hold,0,237,pickup_id,0.05267148792796612,0.05314928978362793,0.00047780185566181216
topk_row,topk,strategy_hold,topk.pickup_id.1,,null,outputs/save_data/ryc/tht_tripgen_20260212_234749/metrics/topk_tht_tripgen_hold_pickup_id.csv,ok,metric_topk,hold,1,132,pickup_id,0.05124630457264598,0.0478514447339475,0.003394859838698479
topk_row,topk,strategy_hold,topk.pickup_id.2,,null,outputs/save_data/ryc/tht_tripgen_20260212_234749/metrics/topk_tht_tripgen_hold_pickup_id.csv,ok,metric_topk,hold,2,161,pickup_id,0.05083153967308487,0.053512894255049355,0.0026813545819644874
topk_row,topk,strategy_hold,topk.pickup_id.3,,null,outputs/save_data/ryc/tht_tripgen_20260212_234749/metrics/topk_tht_tripgen_hold_pickup_id.csv,ok,metric_topk,hold,3,236,pickup_id,0.047821296624508035,0.04776830903822049,5.2987586287543686e-05
topk_row,topk,strategy_hold,topk.pickup_id.4,,null,outputs/save_data/ryc/tht_tripgen_20260212_234749/metrics/topk_tht_tripgen_hold_pickup_id.csv,ok,metric_topk,hold,4,138,pickup_id,0.03999192396098652,0.036869310686317144,0.003122613274669374
topk_row,topk,strategy_hold,topk.pickup_id.5,,null,outputs/save_data/ryc/tht_tripgen_20260212_234749/metrics/topk_tht_tripgen_hold_pickup_id.csv,ok,metric_topk,hold,5,162,pickup_id,0.038097160961669874,0.03711323629905463,0.0009839246626152445
topk_row,topk,strategy_hold,topk.pickup_id.6,,null,outputs/save_data/ryc/tht_tripgen_20260212_234749/metrics/topk_tht_tripgen_hold_pickup_id.csv,ok,metric_topk,hold,6,186,pickup_id,0.03507960928050166,0.03443279529616407,0.0006468139843375936
topk_row,topk,strategy_hold,topk.pickup_id.7,,null,outputs/save_data/ryc/tht_tripgen_20260212_234749/metrics/topk_tht_tripgen_hold_pickup_id.csv,ok,metric_topk,hold,7,142,pickup_id,0.03491973294256511,0.03581504043500981,0.000895307492444701
topk_row,topk,strategy_hold,topk.pickup_id.8,,null,outputs/save_data/ryc/tht_tripgen_20260212_234749/metrics/topk_tht_tripgen_hold_pickup_id.csv,ok,metric_topk,hold,8,230,pickup_id,0.03395225270328048,0.03539296690285731,0.00144071419957683
topk_row,topk,strategy_hold,topk.pickup_id.9,,null,outputs/save_data/ryc/tht_tripgen_20260212_234749/metrics/topk_tht_tripgen_hold_pickup_id.csv,ok,metric_topk,hold,9,163,pickup_id,0.0304468497966373,0.031124725469488287,0.0006778756728509881
topk_row,topk,strategy_hold,topk.pickup_id.10,,null,outputs/save_data/ryc/tht_tripgen_20260212_234749/metrics/topk_tht_tripgen_hold_pickup_id.csv,ok,metric_topk,hold,10,170,pickup_id,0.03032899809610121,0.030241294505004585,8.770359109662451e-05
topk_row,topk,strategy_hold,topk.pickup_id.11,,null,outputs/save_data/ryc/tht_tripgen_20260212_234749/metrics/topk_tht_tripgen_hold_pickup_id.csv,ok,metric_topk,hold,11,239,pickup_id,0.02771342120745919,0.027649470672284567,6.395053517462349e-05
topk_row,topk,strategy_hold,topk.pickup_id.12,,null,outputs/save_data/ryc/tht_tripgen_20260212_234749/metrics/topk_tht_tripgen_hold_pickup_id.csv,ok,metric_topk,hold,12,68,pickup_id,0.02679253350094464,0.027052903537012743,0.0002603700360681027
topk_row,topk,strategy_hold,topk.pickup_id.13,,null,outputs/save_data/ryc/tht_tripgen_20260212_234749/metrics/topk_tht_tripgen_hold_pickup_id.csv,ok,metric_topk,hold,13,234,pickup_id,0.025644164605023223,0.028101692313876537,0.002457527708853314
topk_row,topk,strategy_hold,topk.pickup_id.14,,null,outputs/save_data/ryc/tht_tripgen_20260212_234749/metrics/topk_tht_tripgen_hold_pickup_id.csv,ok,metric_topk,hold,14,48,pickup_id,0.024587153616494124,0.024609993093342202,2.2839476848078577e-05
topk_row,topk,strategy_hold,topk.pickup_id.15,,null,outputs/save_data/ryc/tht_tripgen_20260212_234749/metrics/topk_tht_tripgen_hold_pickup_id.csv,ok,metric_topk,hold,15,141,pickup_id,0.02266132892866409,0.02228584792928167,0.0003754809993824215
topk_row,topk,strategy_hold,topk.pickup_id.16,,null,outputs/save_data/ryc/tht_tripgen_20260212_234749/metrics/topk_tht_tripgen_hold_pickup_id.csv,ok,metric_topk,hold,16,164,pickup_id,0.02265219313792486,0.022865057062148957,0.0002128639242240972
topk_row,topk,strategy_hold,topk.pickup_id.17,,null,outputs/save_data/ryc/tht_tripgen_20260212_234749/metrics/topk_tht_tripgen_hold_pickup_id.csv,ok,metric_topk,hold,17,140,pickup_id,0.020923701530062233,0.021496515609412056,0.0005728140793498232
topk_row,topk,strategy_hold,topk.pickup_id.18,,null,outputs/save_data/ryc/tht_tripgen_20260212_234749/metrics/topk_tht_tripgen_hold_pickup_id.csv,ok,metric_topk,hold,18,238,pickup_id,0.02035910966237772,0.020441331779030802,8.222211665308288e-05
topk_row,topk,strategy_hold,topk.pickup_id.19,,null,outputs/save_data/ryc/tht_tripgen_20260212_234749/metrics/topk_tht_tripgen_hold_pickup_id.csv,ok,metric_topk,hold,19,249,pickup_id,0.01915044454757737,0.020127060577601233,0.0009766160300238615
topk_row,topk,strategy_val,topk.dropoff_id.0,,null,outputs/save_data/ryc/tht_tripgen_20260212_234749/metrics/topk_tht_tripgen_val_dropoff_id.csv,ok,metric_topk,val,0,236,dropoff_id,0.05023740146117999,0.04863909850439277,0.0015983029567872217
topk_row,topk,strategy_val,topk.dropoff_id.1,,null,outputs/save_data/ryc/tht_tripgen_20260212_234749/metrics/topk_tht_tripgen_val_dropoff_id.csv,ok,metric_topk,val,1,237,dropoff_id,0.04911521991681793,0.046097342656523085,0.0030178772602948434
topk_row,topk,strategy_val,topk.dropoff_id.2,,null,outputs/save_data/ryc/tht_tripgen_20260212_234749/metrics/topk_tht_tripgen_val_dropoff_id.csv,ok,metric_topk,val,2,161,dropoff_id,0.041421097892027386,0.0394169929929578,0.0020041048990695892
topk_row,topk,strategy_val,topk.dropoff_id.3,,null,outputs/save_data/ryc/tht_tripgen_20260212_234749/metrics/topk_tht_tripgen_val_dropoff_id.csv,ok,metric_topk,val,3,230,dropoff_id,0.032622374190410475,0.034438960502432614,0.0018165863120221393
topk_row,topk,strategy_val,topk.dropoff_id.4,,null,outputs/save_data/ryc/tht_tripgen_20260212_234749/metrics/topk_tht_tripgen_val_dropoff_id.csv,ok,metric_topk,val,4,170,dropoff_id,0.030309156620504863,0.02986965993211241,0.0004394966883924517
topk_row,topk,strategy_val,topk.dropoff_id.5,,null,outputs/save_data/ryc/tht_tripgen_20260212_234749/metrics/topk_tht_tripgen_val_dropoff_id.csv,ok,metric_topk,val,5,162,dropoff_id,0.030212467349058525,0.02988723979964811,0.00032522754941041385
topk_row,topk,strategy_val,topk.dropoff_id.6,,null,outputs/save_data/ryc/tht_tripgen_20260212_234749/metrics/topk_tht_tripgen_val_dropoff_id.csv,ok,metric_topk,val,6,142,dropoff_id,0.0294199083209908,0.03047323538417138,0.0010533270631805786
topk_row,topk,strategy_val,topk.dropoff_id.7,,null,outputs/save_data/ryc/tht_tripgen_20260212_234749/metrics/topk_tht_tripgen_val_dropoff_id.csv,ok,metric_topk,val,7,239,dropoff_id,0.028302121743512664,0.030169982669180587,0.0018678609256679232
topk_row,topk,strategy_val,topk.dropoff_id.8,,null,outputs/save_data/ryc/tht_tripgen_20260212_234749/metrics/topk_tht_tripgen_val_dropoff_id.csv,ok,metric_topk,val,8,141,dropoff_id,0.026740443510758147,0.025876100023586323,0.0008643434871718238
topk_row,topk,strategy_val,topk.dropoff_id.9,,null,outputs/save_data/ryc/tht_tripgen_20260212_234749/metrics/topk_tht_tripgen_val_dropoff_id.csv,ok,metric_topk,val,9,163,dropoff_id,0.026186677683383657,0.02788020492265591,0.0016935272392722515
topk_row,topk,strategy_val,topk.dropoff_id.10,,null,outputs/save_data/ryc/tht_tripgen_20260212_234749/metrics/topk_tht_tripgen_val_dropoff_id.csv,ok,metric_topk,val,10,68,dropoff_id,0.02432028174667704,0.025353098964399304,0.0010328172177222657
topk_row,topk,strategy_val,topk.dropoff_id.11,,null,outputs/save_data/ryc/tht_tripgen_20260212_234749/metrics/topk_tht_tripgen_val_dropoff_id.csv,ok,metric_topk,val,11,234,dropoff_id,0.024141553093397442,0.024651369251932686,0.0005098161585352437
topk_row,topk,strategy_val,topk.dropoff_id.12,,null,outputs/save_data/ryc/tht_tripgen_20260212_234749/metrics/topk_tht_tripgen_val_dropoff_id.csv,ok,metric_topk,val,12,238,dropoff_id,0.022645799363901792,0.022883127575633717,0.0002373282117319256
topk_row,topk,strategy_val,topk.dropoff_id.13,,null,outputs/save_data/ryc/tht_tripgen_20260212_234749/metrics/topk_tht_tripgen_val_dropoff_id.csv,ok,metric_topk,val,13,164,dropoff_id,0.022001204220926194,0.021988019320274423,1.318490065177133e-05
topk_row,topk,strategy_val,topk.dropoff_id.14,,null,outputs/save_data/ryc/tht_tripgen_20260212_234749/metrics/topk_tht_tripgen_val_dropoff_id.csv,ok,metric_topk,val,14,48,dropoff_id,0.021793175788420435,0.022765928458729063,0.0009727526703086284
topk_row,topk,strategy_val,topk.dropoff_id.15,,null,outputs/save_data/ryc/tht_tripgen_20260212_234749/metrics/topk_tht_tripgen_val_dropoff_id.csv,ok,metric_topk,val,15,229,dropoff_id,0.021529477775384963,0.019614737202955177,0.0019147405724297857
topk_row,topk,strategy_val,topk.dropoff_id.16,,null,outputs/save_data/ryc/tht_tripgen_20260212_234749/metrics/topk_tht_tripgen_val_dropoff_id.csv,ok,metric_topk,val,16,140,dropoff_id,0.020978641925933086,0.019156195658065717,0.001822446267867369
topk_row,topk,strategy_val,topk.dropoff_id.17,,null,outputs/save_data/ryc/tht_tripgen_20260212_234749/metrics/topk_tht_tripgen_val_dropoff_id.csv,ok,metric_topk,val,17,186,dropoff_id,0.020940552212939074,0.02089806753306114,4.2484679877934084e-05
topk_row,topk,strategy_val,topk.dropoff_id.18,,null,outputs/save_data/ryc/tht_tripgen_20260212_234749/metrics/topk_tht_tripgen_val_dropoff_id.csv,ok,metric_topk,val,18,263,dropoff_id,0.020243217467356384,0.01947263327370828,0.0007705841936481023
topk_row,topk,strategy_val,topk.dropoff_id.19,,null,outputs/save_data/ryc/tht_tripgen_20260212_234749/metrics/topk_tht_tripgen_val_dropoff_id.csv,ok,metric_topk,val,19,107,dropoff_id,0.01926606983016383,0.019012626739857517,0.00025344309030631354
topk_row,topk,strategy_val,topk.pickup_id.0,,null,outputs/save_data/ryc/tht_tripgen_20260212_234749/metrics/topk_tht_tripgen_val_pickup_id.csv,ok,metric_topk,val,0,237,pickup_id,0.055392697616023466,0.05232354574208283,0.0030691518739406343
topk_row,topk,strategy_val,topk.pickup_id.1,,null,outputs/save_data/ryc/tht_tripgen_20260212_234749/metrics/topk_tht_tripgen_val_pickup_id.csv,ok,metric_topk,val,1,161,pickup_id,0.05162328101857753,0.05153831165882165,8.496935975587511e-05
topk_row,topk,strategy_val,topk.pickup_id.2,,null,outputs/save_data/ryc/tht_tripgen_20260212_234749/metrics/topk_tht_tripgen_val_pickup_id.csv,ok,metric_topk,val,2,236,pickup_id,0.04915037965188932,0.04681518724756409,0.002335192404325233
topk_row,topk,strategy_val,topk.pickup_id.3,,null,outputs/save_data/ryc/tht_tripgen_20260212_234749/metrics/topk_tht_tripgen_val_pickup_id.csv,ok,metric_topk,val,3,132,pickup_id,0.04667015334039458,0.04745831740157838,0.000788164061183802
topk_row,topk,strategy_val,topk.pickup_id.4,,null,outputs/save_data/ryc/tht_tripgen_20260212_234749/metrics/topk_tht_tripgen_val_pickup_id.csv,ok,metric_topk,val,4,138,pickup_id,0.038375385841467685,0.035086485623330825,0.00328890021813686
topk_row,topk,strategy_val,topk.pickup_id.5,,null,outputs/save_data/ryc/tht_tripgen_20260212_234749/metrics/topk_tht_tripgen_val_pickup_id.csv,ok,metric_topk,val,5,162,pickup_id,0.03759601171405173,0.03551426240003282,0.002081749314018916
topk_row,topk,strategy_val,topk.pickup_id.6,,null,outputs/save_data/ryc/tht_tripgen_20260212_234749/metrics/topk_tht_tripgen_val_pickup_id.csv,ok,metric_topk,val,6,142,pickup_id,0.035095275557098675,0.03679026778533224,0.0016949922282335633
topk_row,topk,strategy_val,topk.pickup_id.7,,null,outputs/save_data/ryc/tht_tripgen_20260212_234749/metrics/topk_tht_tripgen_val_pickup_id.csv,ok,metric_topk,val,7,230,pickup_id,0.03464259396805445,0.03439794081151599,0.0002446531565384602
topk_row,topk,strategy_val,topk.pickup_id.8,,null,outputs/save_data/ryc/tht_tripgen_20260212_234749/metrics/topk_tht_tripgen_val_pickup_id.csv,ok,metric_topk,val,8,186,pickup_id,0.03233670134295538,0.033970164034813996,0.0016334626918586143
topk_row,topk,strategy_val,topk.pickup_id.9,,null,outputs/save_data/ryc/tht_tripgen_20260212_234749/metrics/topk_tht_tripgen_val_pickup_id.csv,ok,metric_topk,val,9,163,pickup_id,0.03134197383822713,0.030596294456921268,0.000745679381305861
topk_row,topk,strategy_val,topk.pickup_id.10,,null,outputs/save_data/ryc/tht_tripgen_20260212_234749/metrics/topk_tht_tripgen_val_pickup_id.csv,ok,metric_topk,val,10,170,pickup_id,0.03003959865162416,0.0293481238618867,0.0006914747897374604
topk_row,topk,strategy_val,topk.pickup_id.11,,null,outputs/save_data/ryc/tht_tripgen_20260212_234749/metrics/topk_tht_tripgen_val_pickup_id.csv,ok,metric_topk,val,11,234,pickup_id,0.026999746556909694,0.028237662229215102,0.0012379156723054084
topk_row,topk,strategy_val,topk.pickup_id.12,,null,outputs/save_data/ryc/tht_tripgen_20260212_234749/metrics/topk_tht_tripgen_val_pickup_id.csv,ok,metric_topk,val,12,239,pickup_id,0.026743373488680763,0.028026703818786726,0.0012833303301059626
topk_row,topk,strategy_val,topk.pickup_id.13,,null,outputs/save_data/ryc/tht_tripgen_20260212_234749/metrics/topk_tht_tripgen_val_pickup_id.csv,ok,metric_topk,val,13,68,pickup_id,0.026010879008026674,0.027472937991412236,0.0014620589833855627
topk_row,topk,strategy_val,topk.pickup_id.14,,null,outputs/save_data/ryc/tht_tripgen_20260212_234749/metrics/topk_tht_tripgen_val_pickup_id.csv,ok,metric_topk,val,14,48,pickup_id,0.023826580466716183,0.024613279538938673,0.0007866990722224902
topk_row,topk,strategy_val,topk.pickup_id.15,,null,outputs/save_data/ryc/tht_tripgen_20260212_234749/metrics/topk_tht_tripgen_val_pickup_id.csv,ok,metric_topk,val,15,141,pickup_id,0.023328484219871402,0.022934402189279505,0.00039408203059189753
topk_row,topk,strategy_val,topk.pickup_id.16,,null,outputs/save_data/ryc/tht_tripgen_20260212_234749/metrics/topk_tht_tripgen_val_pickup_id.csv,ok,metric_topk,val,16,164,pickup_id,0.023261094727651227,0.022603314684023854,0.0006577800436273727
topk_row,topk,strategy_val,topk.pickup_id.17,,null,outputs/save_data/ryc/tht_tripgen_20260212_234749/metrics/topk_tht_tripgen_val_pickup_id.csv,ok,metric_topk,val,17,140,pickup_id,0.020764753537582094,0.020742778703162473,2.1974834419621198e-05
topk_row,topk,strategy_val,topk.pickup_id.18,,null,outputs/save_data/ryc/tht_tripgen_20260212_234749/metrics/topk_tht_tripgen_val_pickup_id.csv,ok,metric_topk,val,18,249,pickup_id,0.02023003256670461,0.021696486516974093,0.0014664539502694841
topk_row,topk,strategy_val,topk.pickup_id.19,,null,outputs/save_data/ryc/tht_tripgen_20260212_234749/metrics/topk_tht_tripgen_val_pickup_id.csv,ok,metric_topk,val,19,79,pickup_id,0.02015824810760051,0.02012455336149042,3.3694746110087687e-05
