input_window,target_id,predicted_value,real_value
"[[1.0, 0.0], [2.0, 2.0], [2.0, 4.0], [1.0, 6.0]]",0,2.5196877,2.0
"[[2.0, 2.0], [2.0, 4.0], [1.0, 6.0], [2.0, 8.0]]",0,3.2893677,0.0
"[[2.0, 4.0], [1.0, 6.0], [2.0, 8.0], [0.0, 10.0]]",0,3.5665772,0.0
"[[1.0, 6.0], [2.0, 8.0], [0.0, 10.0], [0.0, 12.0]]",0,3.7522771,0.0
"[[2.0, 8.0], [0.0, 10.0], [0.0, 12.0], [0.0, 14.0]]",0,4.6181126,2.0
"[[0.0, 10.0], [0.0, 12.0], [0.0, 14.0], [2.0, 16.0]]",0,5.594805,0.0
"[[0.0, 12.0], [0.0, 14.0], [2.0, 16.0], [0.0, 18.0]]",0,5.846975,4.0
"[[0.0, 14.0], [2.0, 16.0], [0.0, 18.0], [4.0, 20.0]]",0,6.983683,3.0
"[[2.0, 16.0], [0.0, 18.0], [4.0, 20.0], [3.0, 22.0]]",0,8.046719,10.0
"[[0.0, 18.0], [4.0, 20.0], [3.0, 22.0], [10.0, 24.0]]",0,9.702101,9.0
"[[4.0, 20.0], [3.0, 22.0], [10.0, 24.0], [9.0, 26.0]]",0,11.042351,25.0
"[[3.0, 22.0], [10.0, 24.0], [9.0, 26.0], [25.0, 28.0]]",0,14.680279,38.0
"[[10.0, 24.0], [9.0, 26.0], [25.0, 28.0], [38.0, 30.0]]",0,20.67313,45.0
"[[9.0, 26.0], [25.0, 28.0], [38.0, 30.0], [45.0, 32.0]]",0,22.28009,29.0
"[[25.0, 28.0], [38.0, 30.0], [45.0, 32.0], [29.0, 34.0]]",0,18.60889,29.0
"[[38.0, 30.0], [45.0, 32.0], [29.0, 34.0], [29.0, 36.0]]",0,17.328712,37.0
"[[45.0, 32.0], [29.0, 34.0], [29.0, 36.0], [37.0, 38.0]]",0,22.312763,24.0
"[[29.0, 34.0], [29.0, 36.0], [37.0, 38.0], [24.0, 40.0]]",0,19.543636,23.0
"[[29.0, 36.0], [37.0, 38.0], [24.0, 40.0], [23.0, 42.0]]",0,17.530958,26.0
"[[37.0, 38.0], [24.0, 40.0], [23.0, 42.0], [26.0, 44.0]]",0,20.802938,26.0
"[[24.0, 40.0], [23.0, 42.0], [26.0, 44.0], [26.0, 46.0]]",0,21.142769,29.0
"[[23.0, 42.0], [26.0, 44.0], [26.0, 46.0], [29.0, 48.0]]",0,22.048462,29.0
"[[26.0, 44.0], [26.0, 46.0], [29.0, 48.0], [29.0, 50.0]]",0,23.065544,30.0
"[[26.0, 46.0], [29.0, 48.0], [29.0, 50.0], [30.0, 52.0]]",0,23.508068,25.0
"[[29.0, 48.0], [29.0, 50.0], [30.0, 52.0], [25.0, 54.0]]",0,23.039835,23.0
"[[29.0, 50.0], [30.0, 52.0], [25.0, 54.0], [23.0, 56.0]]",0,22.459585,19.0
"[[30.0, 52.0], [25.0, 54.0], [23.0, 56.0], [19.0, 58.0]]",0,22.474686,24.0
"[[25.0, 54.0], [23.0, 56.0], [19.0, 58.0], [24.0, 60.0]]",0,23.919088,14.0
"[[23.0, 56.0], [19.0, 58.0], [24.0, 60.0], [14.0, 62.0]]",0,22.823927,26.0
"[[19.0, 58.0], [24.0, 60.0], [14.0, 62.0], [26.0, 64.0]]",0,24.628107,25.0
"[[24.0, 60.0], [14.0, 62.0], [26.0, 64.0], [25.0, 66.0]]",0,27.65682,32.0
"[[14.0, 62.0], [26.0, 64.0], [25.0, 66.0], [32.0, 68.0]]",0,27.9029,29.0
"[[26.0, 64.0], [25.0, 66.0], [32.0, 68.0], [29.0, 70.0]]",0,29.131367,23.0
"[[25.0, 66.0], [32.0, 68.0], [29.0, 70.0], [23.0, 72.0]]",0,26.92022,23.0
"[[32.0, 68.0], [29.0, 70.0], [23.0, 72.0], [23.0, 74.0]]",0,27.607685,15.0
"[[29.0, 70.0], [23.0, 72.0], [23.0, 74.0], [15.0, 76.0]]",0,26.723026,22.0
"[[23.0, 72.0], [23.0, 74.0], [15.0, 76.0], [22.0, 78.0]]",0,27.974989,13.0
"[[23.0, 74.0], [15.0, 76.0], [22.0, 78.0], [13.0, 80.0]]",0,27.942623,12.0
"[[15.0, 76.0], [22.0, 78.0], [13.0, 80.0], [12.0, 82.0]]",0,26.05798,6.0
"[[22.0, 78.0], [13.0, 80.0], [12.0, 82.0], [6.0, 84.0]]",0,26.465689,4.0
"[[13.0, 80.0], [12.0, 82.0], [6.0, 84.0], [4.0, 86.0]]",0,25.584625,3.0
"[[12.0, 82.0], [6.0, 84.0], [4.0, 86.0], [3.0, 88.0]]",0,26.395359,7.0
"[[6.0, 84.0], [4.0, 86.0], [3.0, 88.0], [7.0, 90.0]]",0,27.83564,1.0
"[[4.0, 86.0], [3.0, 88.0], [7.0, 90.0], [1.0, 92.0]]",0,27.288445,5.0
"[[3.0, 88.0], [7.0, 90.0], [1.0, 92.0], [5.0, 94.0]]",0,27.71934,2.0
"[[7.0, 90.0], [1.0, 92.0], [5.0, 94.0], [2.0, 0.0]]",0,4.230758,1.0
"[[1.0, 92.0], [5.0, 94.0], [2.0, 0.0], [1.0, 2.0]]",0,-6.2586617,2.0
"[[5.0, 94.0], [2.0, 0.0], [1.0, 2.0], [2.0, 4.0]]",0,7.1318717,0.0
"[[2.0, 0.0], [1.0, 2.0], [2.0, 4.0], [0.0, 6.0]]",0,2.4391584,1.0
"[[1.0, 2.0], [2.0, 4.0], [0.0, 6.0], [1.0, 8.0]]",0,2.8815506,0.0
"[[2.0, 4.0], [0.0, 6.0], [1.0, 8.0], [0.0, 10.0]]",0,3.5916162,0.0
"[[0.0, 6.0], [1.0, 8.0], [0.0, 10.0], [0.0, 12.0]]",0,3.828038,0.0
"[[1.0, 8.0], [0.0, 10.0], [0.0, 12.0], [0.0, 14.0]]",0,4.567911,1.0
"[[0.0, 10.0], [0.0, 12.0], [0.0, 14.0], [1.0, 16.0]]",0,5.338112,3.0
"[[0.0, 12.0], [0.0, 14.0], [1.0, 16.0], [3.0, 18.0]]",0,6.516129,5.0
"[[0.0, 14.0], [1.0, 16.0], [3.0, 18.0], [5.0, 20.0]]",0,7.6691074,4.0
"[[1.0, 16.0], [3.0, 18.0], [5.0, 20.0], [4.0, 22.0]]",0,7.976246,12.0
"[[3.0, 18.0], [5.0, 20.0], [4.0, 22.0], [12.0, 24.0]]",0,10.34105,15.0
"[[5.0, 20.0], [4.0, 22.0], [12.0, 24.0], [15.0, 26.0]]",0,12.7085905,18.0
"[[4.0, 22.0], [12.0, 24.0], [15.0, 26.0], [18.0, 28.0]]",0,13.287247,40.0
"[[12.0, 24.0], [15.0, 26.0], [18.0, 28.0], [40.0, 30.0]]",0,19.824684,47.0
"[[15.0, 26.0], [18.0, 28.0], [40.0, 30.0], [47.0, 32.0]]",0,24.178265,48.0
"[[18.0, 28.0], [40.0, 30.0], [47.0, 32.0], [48.0, 34.0]]",0,23.08456,24.0
"[[40.0, 30.0], [47.0, 32.0], [48.0, 34.0], [24.0, 36.0]]",0,17.811268,36.0
"[[47.0, 32.0], [48.0, 34.0], [24.0, 36.0], [36.0, 38.0]]",0,19.258575,24.0
"[[48.0, 34.0], [24.0, 36.0], [36.0, 38.0], [24.0, 40.0]]",0,21.026348,25.0
"[[24.0, 36.0], [36.0, 38.0], [24.0, 40.0], [25.0, 42.0]]",0,17.919298,24.0
"[[36.0, 38.0], [24.0, 40.0], [25.0, 42.0], [24.0, 44.0]]",0,20.441193,23.0
"[[24.0, 40.0], [25.0, 42.0], [24.0, 44.0], [23.0, 46.0]]",0,19.918917,32.0
"[[25.0, 42.0], [24.0, 44.0], [23.0, 46.0], [32.0, 48.0]]",0,22.8681,20.0
"[[24.0, 44.0], [23.0, 46.0], [32.0, 48.0], [20.0, 50.0]]",0,21.335564,27.0
"[[23.0, 46.0], [32.0, 48.0], [20.0, 50.0], [27.0, 52.0]]",0,21.301191,21.0
"[[32.0, 48.0], [20.0, 50.0], [27.0, 52.0], [21.0, 54.0]]",0,22.994556,24.0
"[[20.0, 50.0], [27.0, 52.0], [21.0, 54.0], [24.0, 56.0]]",0,22.238659,24.0
"[[27.0, 52.0], [21.0, 54.0], [24.0, 56.0], [24.0, 58.0]]",0,24.212315,18.0
"[[21.0, 54.0], [24.0, 56.0], [24.0, 58.0], [18.0, 60.0]]",0,22.556784,19.0
"[[24.0, 56.0], [24.0, 58.0], [18.0, 60.0], [19.0, 62.0]]",0,22.922243,16.0
"[[24.0, 58.0], [18.0, 60.0], [19.0, 62.0], [16.0, 64.0]]",0,23.572573,18.0
"[[18.0, 60.0], [19.0, 62.0], [16.0, 64.0], [18.0, 66.0]]",0,23.919724,19.0
"[[19.0, 62.0], [16.0, 64.0], [18.0, 66.0], [19.0, 68.0]]",0,25.370066,24.0
"[[16.0, 64.0], [18.0, 66.0], [19.0, 68.0], [24.0, 70.0]]",0,26.915627,48.0
"[[18.0, 66.0], [19.0, 68.0], [24.0, 70.0], [48.0, 72.0]]",0,34.119015,36.0
"[[19.0, 68.0], [24.0, 70.0], [48.0, 72.0], [36.0, 74.0]]",0,33.44496,32.0
"[[24.0, 70.0], [48.0, 72.0], [36.0, 74.0], [32.0, 76.0]]",0,28.998737,30.0
"[[48.0, 72.0], [36.0, 74.0], [32.0, 76.0], [30.0, 78.0]]",0,31.361748,28.0
"[[36.0, 74.0], [32.0, 76.0], [30.0, 78.0], [28.0, 80.0]]",0,31.111656,21.0
"[[32.0, 76.0], [30.0, 78.0], [28.0, 80.0], [21.0, 82.0]]",0,29.727785,13.0
"[[30.0, 78.0], [28.0, 80.0], [21.0, 82.0], [13.0, 84.0]]",0,27.683023,11.0
"[[28.0, 80.0], [21.0, 82.0], [13.0, 84.0], [11.0, 86.0]]",0,27.707296,7.0
"[[21.0, 82.0], [13.0, 84.0], [11.0, 86.0], [7.0, 88.0]]",0,27.698668,5.0
"[[13.0, 84.0], [11.0, 86.0], [7.0, 88.0], [5.0, 90.0]]",0,27.19562,1.0
"[[11.0, 86.0], [7.0, 88.0], [5.0, 90.0], [1.0, 92.0]]",0,26.934158,3.0
"[[7.0, 88.0], [5.0, 90.0], [1.0, 92.0], [3.0, 94.0]]",0,27.658684,2.0
"[[5.0, 90.0], [1.0, 92.0], [3.0, 94.0], [2.0, 0.0]]",0,3.9285092,0.0
"[[1.0, 92.0], [3.0, 94.0], [2.0, 0.0], [0.0, 2.0]]",0,-6.2634296,0.0
"[[3.0, 94.0], [2.0, 0.0], [0.0, 2.0], [0.0, 4.0]]",0,6.4171615,2.0
"[[2.0, 0.0], [0.0, 2.0], [0.0, 4.0], [2.0, 6.0]]",0,2.8766596,0.0
"[[0.0, 2.0], [0.0, 4.0], [2.0, 6.0], [0.0, 8.0]]",0,3.0284274,0.0
"[[0.0, 4.0], [2.0, 6.0], [0.0, 8.0], [0.0, 10.0]]",0,3.1383665,0.0
"[[2.0, 6.0], [0.0, 8.0], [0.0, 10.0], [0.0, 12.0]]",0,4.054403,2.0
"[[0.0, 8.0], [0.0, 10.0], [0.0, 12.0], [2.0, 14.0]]",0,5.031095,2.0
"[[0.0, 10.0], [0.0, 12.0], [2.0, 14.0], [2.0, 16.0]]",0,5.796651,4.0
"[[0.0, 12.0], [2.0, 14.0], [2.0, 16.0], [4.0, 18.0]]",0,6.6218204,1.0
"[[2.0, 14.0], [2.0, 16.0], [4.0, 18.0], [1.0, 20.0]]",0,6.7177005,3.0
"[[2.0, 16.0], [4.0, 18.0], [1.0, 20.0], [3.0, 22.0]]",0,7.2401004,7.0
"[[4.0, 18.0], [1.0, 20.0], [3.0, 22.0], [7.0, 24.0]]",0,9.510715,14.0
"[[1.0, 20.0], [3.0, 22.0], [7.0, 24.0], [14.0, 26.0]]",0,11.872439,24.0
"[[3.0, 22.0], [7.0, 24.0], [14.0, 26.0], [24.0, 28.0]]",0,15.306088,36.0
"[[7.0, 24.0], [14.0, 26.0], [24.0, 28.0], [36.0, 30.0]]",0,19.278408,45.0
"[[14.0, 26.0], [24.0, 28.0], [36.0, 30.0], [45.0, 32.0]]",0,22.455212,33.0
"[[24.0, 28.0], [36.0, 30.0], [45.0, 32.0], [33.0, 34.0]]",0,19.837383,31.0
"[[36.0, 30.0], [45.0, 32.0], [33.0, 34.0], [31.0, 36.0]]",0,18.14539,32.0
"[[45.0, 32.0], [33.0, 34.0], [31.0, 36.0], [32.0, 38.0]]",0,20.727299,21.0
"[[33.0, 34.0], [31.0, 36.0], [32.0, 38.0], [21.0, 40.0]]",0,18.217827,28.0
"[[31.0, 36.0], [32.0, 38.0], [21.0, 40.0], [28.0, 42.0]]",0,19.241867,24.0
"[[32.0, 38.0], [21.0, 40.0], [28.0, 42.0], [24.0, 44.0]]",0,20.921043,25.0
"[[21.0, 40.0], [28.0, 42.0], [24.0, 44.0], [25.0, 46.0]]",0,19.903812,24.0
"[[28.0, 42.0], [24.0, 44.0], [25.0, 46.0], [24.0, 48.0]]",0,21.167004,33.0
"[[24.0, 44.0], [25.0, 46.0], [24.0, 48.0], [33.0, 50.0]]",0,23.613258,26.0
"[[25.0, 46.0], [24.0, 48.0], [33.0, 50.0], [26.0, 52.0]]",0,23.4646,24.0
"[[24.0, 48.0], [33.0, 50.0], [26.0, 52.0], [24.0, 54.0]]",0,21.624592,34.0
"[[33.0, 50.0], [26.0, 52.0], [24.0, 54.0], [34.0, 56.0]]",0,25.886932,30.0
"[[26.0, 52.0], [24.0, 54.0], [34.0, 56.0], [30.0, 58.0]]",0,26.333614,28.0
"[[24.0, 54.0], [34.0, 56.0], [30.0, 58.0], [28.0, 60.0]]",0,24.620232,31.0
"[[34.0, 56.0], [30.0, 58.0], [28.0, 60.0], [31.0, 62.0]]",0,26.758022,29.0
"[[30.0, 58.0], [28.0, 60.0], [31.0, 62.0], [29.0, 64.0]]",0,27.16224,26.0
"[[28.0, 60.0], [31.0, 62.0], [29.0, 64.0], [26.0, 66.0]]",0,26.275734,24.0
"[[31.0, 62.0], [29.0, 64.0], [26.0, 66.0], [24.0, 68.0]]",0,26.425816,33.0
"[[29.0, 64.0], [26.0, 66.0], [24.0, 68.0], [33.0, 70.0]]",0,29.375393,30.0
"[[26.0, 66.0], [24.0, 68.0], [33.0, 70.0], [30.0, 72.0]]",0,30.17866,21.0
"[[24.0, 68.0], [33.0, 70.0], [30.0, 72.0], [21.0, 74.0]]",0,26.895302,21.0
"[[33.0, 70.0], [30.0, 72.0], [21.0, 74.0], [21.0, 76.0]]",0,27.380405,15.0
"[[30.0, 72.0], [21.0, 74.0], [21.0, 76.0], [15.0, 78.0]]",0,27.387016,13.0
"[[21.0, 74.0], [21.0, 76.0], [15.0, 78.0], [13.0, 80.0]]",0,26.379986,22.0
"[[21.0, 76.0], [15.0, 78.0], [13.0, 80.0], [22.0, 82.0]]",0,29.807848,12.0
"[[15.0, 78.0], [13.0, 80.0], [22.0, 82.0], [12.0, 84.0]]",0,28.663664,4.0
"[[13.0, 80.0], [22.0, 82.0], [12.0, 84.0], [4.0, 86.0]]",0,24.930542,6.0
"[[22.0, 82.0], [12.0, 84.0], [4.0, 86.0], [6.0, 88.0]]",0,26.911676,7.0
"[[12.0, 84.0], [4.0, 86.0], [6.0, 88.0], [7.0, 90.0]]",0,28.439615,5.0
"[[4.0, 86.0], [6.0, 88.0], [7.0, 90.0], [5.0, 92.0]]",0,27.937328,4.0
"[[6.0, 88.0], [7.0, 90.0], [5.0, 92.0], [4.0, 94.0]]",0,28.016943,3.0
"[[7.0, 90.0], [5.0, 92.0], [4.0, 94.0], [3.0, 0.0]]",0,3.8826785,3.0
"[[5.0, 92.0], [4.0, 94.0], [3.0, 0.0], [3.0, 2.0]]",0,-5.317587,1.0
"[[4.0, 94.0], [3.0, 0.0], [3.0, 2.0], [1.0, 4.0]]",0,6.9008617,0.0
"[[3.0, 0.0], [3.0, 2.0], [1.0, 4.0], [0.0, 6.0]]",0,2.1365123,0.0
"[[3.0, 2.0], [1.0, 4.0], [0.0, 6.0], [0.0, 8.0]]",0,2.8512228,0.0
"[[1.0, 4.0], [0.0, 6.0], [0.0, 8.0], [0.0, 10.0]]",0,3.440492,0.0
"[[0.0, 6.0], [0.0, 8.0], [0.0, 10.0], [0.0, 12.0]]",0,3.9540002,1.0
"[[0.0, 8.0], [0.0, 10.0], [0.0, 12.0], [1.0, 14.0]]",0,4.7744026,2.0
"[[0.0, 10.0], [0.0, 12.0], [1.0, 14.0], [2.0, 16.0]]",0,5.695728,3.0
"[[0.0, 12.0], [1.0, 14.0], [2.0, 16.0], [3.0, 18.0]]",0,6.49109,2.0
"[[1.0, 14.0], [2.0, 16.0], [3.0, 18.0], [2.0, 20.0]]",0,6.823269,3.0
"[[2.0, 16.0], [3.0, 18.0], [2.0, 20.0], [3.0, 22.0]]",0,7.4669857,10.0
"[[3.0, 18.0], [2.0, 20.0], [3.0, 22.0], [10.0, 24.0]]",0,10.1046295,18.0
"[[2.0, 20.0], [3.0, 22.0], [10.0, 24.0], [18.0, 26.0]]",0,13.25218,31.0
"[[3.0, 22.0], [10.0, 24.0], [18.0, 26.0], [31.0, 28.0]]",0,17.128742,54.0
"[[10.0, 24.0], [18.0, 26.0], [31.0, 28.0], [54.0, 30.0]]",0,24.252089,46.0
"[[18.0, 26.0], [31.0, 28.0], [54.0, 30.0], [46.0, 32.0]]",0,23.847591,48.0
"[[31.0, 28.0], [54.0, 30.0], [46.0, 32.0], [48.0, 34.0]]",0,21.872784,40.0
"[[54.0, 30.0], [46.0, 32.0], [48.0, 34.0], [40.0, 36.0]]",0,22.747124,42.0
"[[46.0, 32.0], [48.0, 34.0], [40.0, 36.0], [42.0, 38.0]]",0,22.363304,26.0
"[[48.0, 34.0], [40.0, 36.0], [42.0, 38.0], [26.0, 40.0]]",0,20.129879,34.0
"[[40.0, 36.0], [42.0, 38.0], [26.0, 40.0], [34.0, 42.0]]",0,20.478825,33.0
"[[42.0, 38.0], [26.0, 40.0], [34.0, 42.0], [33.0, 44.0]]",0,23.70902,35.0
"[[26.0, 40.0], [34.0, 42.0], [33.0, 44.0], [35.0, 46.0]]",0,22.874277,27.0
"[[34.0, 42.0], [33.0, 44.0], [35.0, 46.0], [27.0, 48.0]]",0,22.113861,28.0
"[[33.0, 44.0], [35.0, 46.0], [27.0, 48.0], [28.0, 50.0]]",0,21.824757,17.0
"[[35.0, 46.0], [27.0, 48.0], [28.0, 50.0], [17.0, 52.0]]",0,20.773876,28.0
"[[27.0, 48.0], [28.0, 50.0], [17.0, 52.0], [28.0, 54.0]]",0,22.523472,30.0
"[[28.0, 50.0], [17.0, 52.0], [28.0, 54.0], [30.0, 56.0]]",0,26.146511,22.0
"[[17.0, 52.0], [28.0, 54.0], [30.0, 56.0], [22.0, 58.0]]",0,22.92072,34.0
"[[28.0, 54.0], [30.0, 56.0], [22.0, 58.0], [34.0, 60.0]]",0,26.057655,31.0
"[[30.0, 56.0], [22.0, 58.0], [34.0, 60.0], [31.0, 62.0]]",0,28.170452,28.0
"[[22.0, 58.0], [34.0, 60.0], [31.0, 62.0], [28.0, 64.0]]",0,25.748167,26.0
"[[34.0, 60.0], [31.0, 62.0], [28.0, 64.0], [26.0, 66.0]]",0,26.476017,34.0
"[[31.0, 62.0], [28.0, 64.0], [26.0, 66.0], [34.0, 68.0]]",0,29.118708,40.0
"[[28.0, 64.0], [26.0, 66.0], [34.0, 68.0], [40.0, 70.0]]",0,32.13127,38.0
"[[26.0, 66.0], [34.0, 68.0], [40.0, 70.0], [38.0, 72.0]]",0,31.679039,32.0
"[[34.0, 68.0], [40.0, 70.0], [38.0, 72.0], [32.0, 74.0]]",0,30.14658,27.0
"[[40.0, 70.0], [38.0, 72.0], [32.0, 74.0], [27.0, 76.0]]",0,29.374426,31.0
"[[38.0, 72.0], [32.0, 74.0], [27.0, 76.0], [31.0, 78.0]]",0,31.11566,24.0
"[[32.0, 74.0], [27.0, 76.0], [31.0, 78.0], [24.0, 80.0]]",0,30.614809,13.0
"[[27.0, 76.0], [31.0, 78.0], [24.0, 80.0], [13.0, 82.0]]",0,26.893585,7.0
"[[31.0, 78.0], [24.0, 80.0], [13.0, 82.0], [7.0, 84.0]]",0,25.889534,7.0
"[[24.0, 80.0], [13.0, 82.0], [7.0, 84.0], [7.0, 86.0]]",0,26.881878,11.0
"[[13.0, 82.0], [7.0, 84.0], [7.0, 86.0], [11.0, 88.0]]",0,28.675907,12.0
"[[7.0, 84.0], [7.0, 86.0], [11.0, 88.0], [12.0, 90.0]]",0,29.5988,14.0
"[[7.0, 86.0], [11.0, 88.0], [12.0, 90.0], [14.0, 92.0]]",0,30.272968,8.0
"[[11.0, 88.0], [12.0, 90.0], [14.0, 92.0], [8.0, 94.0]]",0,29.573215,1.0
"[[12.0, 90.0], [14.0, 92.0], [8.0, 94.0], [1.0, 0.0]]",0,2.890333,0.0
"[[14.0, 92.0], [8.0, 94.0], [1.0, 0.0], [0.0, 2.0]]",0,-6.341547,4.0
"[[8.0, 94.0], [1.0, 0.0], [0.0, 2.0], [4.0, 4.0]]",0,7.820899,1.0
"[[1.0, 0.0], [0.0, 2.0], [4.0, 4.0], [1.0, 6.0]]",0,2.973458,3.0
"[[0.0, 2.0], [4.0, 4.0], [1.0, 6.0], [3.0, 8.0]]",0,3.1937332,1.0
"[[4.0, 4.0], [1.0, 6.0], [3.0, 8.0], [1.0, 10.0]]",0,4.0245953,2.0
"[[1.0, 6.0], [3.0, 8.0], [1.0, 10.0], [2.0, 12.0]]",0,4.240623,2.0
"[[3.0, 8.0], [1.0, 10.0], [2.0, 12.0], [2.0, 14.0]]",0,5.2575827,0.0
"[[1.0, 10.0], [2.0, 12.0], [2.0, 14.0], [0.0, 16.0]]",0,5.081543,1.0
"[[2.0, 12.0], [2.0, 14.0], [0.0, 16.0], [1.0, 18.0]]",0,5.750299,4.0
"[[2.0, 14.0], [0.0, 16.0], [1.0, 18.0], [4.0, 20.0]]",0,7.4369335,6.0
"[[0.0, 16.0], [1.0, 18.0], [4.0, 20.0], [6.0, 22.0]]",0,8.590431,5.0
"[[1.0, 18.0], [4.0, 20.0], [6.0, 22.0], [5.0, 24.0]]",0,8.771609,17.0
"[[4.0, 20.0], [6.0, 22.0], [5.0, 24.0], [17.0, 26.0]]",0,12.213388,22.0
"[[6.0, 22.0], [5.0, 24.0], [17.0, 26.0], [22.0, 28.0]]",0,15.498002,48.0
"[[5.0, 24.0], [17.0, 26.0], [22.0, 28.0], [48.0, 30.0]]",0,21.678581,37.0
"[[17.0, 26.0], [22.0, 28.0], [48.0, 30.0], [37.0, 32.0]]",0,22.015278,40.0
"[[22.0, 28.0], [48.0, 30.0], [37.0, 32.0], [40.0, 34.0]]",0,19.214901,26.0
"[[48.0, 30.0], [37.0, 32.0], [40.0, 34.0], [26.0, 36.0]]",0,19.178501,34.0
"[[37.0, 32.0], [40.0, 34.0], [26.0, 36.0], [34.0, 38.0]]",0,19.452728,35.0
"[[40.0, 34.0], [26.0, 36.0], [34.0, 38.0], [35.0, 40.0]]",0,22.994587,35.0
"[[26.0, 36.0], [34.0, 38.0], [35.0, 40.0], [35.0, 42.0]]",0,21.948704,27.0
"[[34.0, 38.0], [35.0, 40.0], [35.0, 42.0], [27.0, 44.0]]",0,20.734518,43.0
"[[35.0, 40.0], [35.0, 42.0], [27.0, 44.0], [43.0, 46.0]]",0,24.648129,30.0
"[[35.0, 42.0], [27.0, 44.0], [43.0, 46.0], [30.0, 48.0]]",0,24.4973,28.0
"[[27.0, 44.0], [43.0, 46.0], [30.0, 48.0], [28.0, 50.0]]",0,20.818623,31.0
"[[43.0, 46.0], [30.0, 48.0], [28.0, 50.0], [31.0, 52.0]]",0,24.391296,31.0
"[[30.0, 48.0], [28.0, 50.0], [31.0, 52.0], [31.0, 54.0]]",0,24.857075,26.0
"[[28.0, 50.0], [31.0, 52.0], [31.0, 54.0], [26.0, 56.0]]",0,23.65904,46.0
"[[31.0, 52.0], [31.0, 54.0], [26.0, 56.0], [46.0, 58.0]]",0,29.00258,40.0
"[[31.0, 54.0], [26.0, 56.0], [46.0, 58.0], [40.0, 60.0]]",0,30.674414,33.0
"[[26.0, 56.0], [46.0, 58.0], [40.0, 60.0], [33.0, 62.0]]",0,26.06548,35.0
"[[46.0, 58.0], [40.0, 60.0], [33.0, 62.0], [35.0, 64.0]]",0,28.195917,32.0
"[[40.0, 60.0], [33.0, 62.0], [35.0, 64.0], [32.0, 66.0]]",0,28.771915,26.0
"[[33.0, 62.0], [35.0, 64.0], [32.0, 66.0], [26.0, 68.0]]",0,26.889374,34.0
"[[35.0, 64.0], [32.0, 66.0], [26.0, 68.0], [34.0, 70.0]]",0,29.379368,48.0
"[[32.0, 66.0], [26.0, 68.0], [34.0, 70.0], [48.0, 72.0]]",0,34.949326,33.0
"[[26.0, 68.0], [34.0, 70.0], [48.0, 72.0], [33.0, 74.0]]",0,31.766666,38.0
"[[34.0, 70.0], [48.0, 72.0], [33.0, 74.0], [38.0, 76.0]]",0,30.738136,27.0
"[[48.0, 72.0], [33.0, 74.0], [38.0, 76.0], [27.0, 78.0]]",0,31.575096,28.0
"[[33.0, 74.0], [38.0, 76.0], [27.0, 78.0], [28.0, 80.0]]",0,29.902508,14.0
"[[38.0, 76.0], [27.0, 78.0], [28.0, 80.0], [14.0, 82.0]]",0,28.610027,13.0
"[[27.0, 78.0], [28.0, 80.0], [14.0, 82.0], [13.0, 84.0]]",0,26.825956,16.0
"[[28.0, 80.0], [14.0, 82.0], [13.0, 84.0], [16.0, 86.0]]",0,29.87249,20.0
"[[14.0, 82.0], [13.0, 84.0], [16.0, 86.0], [20.0, 88.0]]",0,31.188877,10.0
"[[13.0, 84.0], [16.0, 86.0], [20.0, 88.0], [10.0, 90.0]]",0,29.16127,17.0
"[[16.0, 86.0], [20.0, 88.0], [10.0, 90.0], [17.0, 92.0]]",0,30.159353,13.0
"[[20.0, 88.0], [10.0, 90.0], [17.0, 92.0], [13.0, 94.0]]",0,31.863186,8.0
"[[10.0, 90.0], [17.0, 92.0], [13.0, 94.0], [8.0, 0.0]]",0,4.7135067,4.0
"[[17.0, 92.0], [13.0, 94.0], [8.0, 0.0], [4.0, 2.0]]",0,-5.087523,5.0
"[[13.0, 94.0], [8.0, 0.0], [4.0, 2.0], [5.0, 4.0]]",0,7.8505554,2.0
"[[8.0, 0.0], [4.0, 2.0], [5.0, 4.0], [2.0, 6.0]]",0,3.1786335,2.0
"[[4.0, 2.0], [5.0, 4.0], [2.0, 6.0], [2.0, 8.0]]",0,3.1128063,1.0
"[[5.0, 4.0], [2.0, 6.0], [2.0, 8.0], [1.0, 10.0]]",0,3.8479114,1.0
"[[2.0, 6.0], [2.0, 8.0], [1.0, 10.0], [1.0, 12.0]]",0,4.160094,1.0
"[[2.0, 8.0], [1.0, 10.0], [1.0, 12.0], [1.0, 14.0]]",0,4.849766,0.0
"[[1.0, 10.0], [1.0, 12.0], [1.0, 14.0], [0.0, 16.0]]",0,5.1065817,0.0
"[[1.0, 12.0], [1.0, 14.0], [0.0, 16.0], [0.0, 18.0]]",0,5.5693674,2.0
"[[1.0, 14.0], [0.0, 16.0], [0.0, 18.0], [2.0, 20.0]]",0,6.7724237,1.0
"[[0.0, 16.0], [0.0, 18.0], [2.0, 20.0], [1.0, 22.0]]",0,7.231085,4.0
"[[0.0, 18.0], [2.0, 20.0], [1.0, 22.0], [4.0, 24.0]]",0,8.212024,13.0
"[[2.0, 20.0], [1.0, 22.0], [4.0, 24.0], [13.0, 26.0]]",0,11.615103,9.0
"[[1.0, 22.0], [4.0, 24.0], [13.0, 26.0], [9.0, 28.0]]",0,11.632262,10.0
"[[4.0, 24.0], [13.0, 26.0], [9.0, 28.0], [10.0, 30.0]]",0,11.065916,8.0
"[[13.0, 26.0], [9.0, 28.0], [10.0, 30.0], [8.0, 32.0]]",0,12.172823,13.0
"[[9.0, 28.0], [10.0, 30.0], [8.0, 32.0], [13.0, 34.0]]",0,13.491379,30.0
"[[10.0, 30.0], [8.0, 32.0], [13.0, 34.0], [30.0, 36.0]]",0,19.225603,29.0
"[[8.0, 32.0], [13.0, 34.0], [30.0, 36.0], [29.0, 38.0]]",0,20.518097,31.0
"[[13.0, 34.0], [30.0, 36.0], [29.0, 38.0], [31.0, 40.0]]",0,19.603918,47.0
"[[30.0, 36.0], [29.0, 38.0], [31.0, 40.0], [47.0, 42.0]]",0,25.455936,38.0
"[[29.0, 38.0], [31.0, 40.0], [47.0, 42.0], [38.0, 44.0]]",0,25.022057,34.0
"[[31.0, 40.0], [47.0, 42.0], [38.0, 44.0], [34.0, 46.0]]",0,21.735699,35.0
"[[47.0, 42.0], [38.0, 44.0], [34.0, 46.0], [35.0, 48.0]]",0,24.089287,56.0
"[[38.0, 44.0], [34.0, 46.0], [35.0, 48.0], [56.0, 50.0]]",0,30.1965,40.0
"[[34.0, 46.0], [35.0, 48.0], [56.0, 50.0], [40.0, 52.0]]",0,28.44575,46.0
"[[35.0, 48.0], [56.0, 50.0], [40.0, 52.0], [46.0, 54.0]]",0,26.339836,35.0
"[[56.0, 50.0], [40.0, 52.0], [46.0, 54.0], [35.0, 56.0]]",0,27.755096,29.0
"[[40.0, 52.0], [46.0, 54.0], [35.0, 56.0], [29.0, 58.0]]",0,24.109493,33.0
"[[46.0, 54.0], [35.0, 56.0], [29.0, 58.0], [33.0, 60.0]]",0,26.781233,28.0
"[[35.0, 56.0], [29.0, 58.0], [33.0, 60.0], [28.0, 62.0]]",0,26.668726,24.0
"[[29.0, 58.0], [33.0, 60.0], [28.0, 62.0], [24.0, 64.0]]",0,24.895994,28.0
"[[33.0, 60.0], [28.0, 62.0], [24.0, 64.0], [28.0, 66.0]]",0,26.913393,33.0
"[[28.0, 62.0], [24.0, 64.0], [28.0, 66.0], [33.0, 68.0]]",0,29.417103,41.0
"[[24.0, 64.0], [28.0, 66.0], [33.0, 68.0], [41.0, 70.0]]",0,31.83431,28.0
"[[28.0, 66.0], [33.0, 68.0], [41.0, 70.0], [28.0, 72.0]]",0,29.439402,32.0
"[[33.0, 68.0], [41.0, 70.0], [28.0, 72.0], [32.0, 74.0]]",0,28.96119,48.0
"[[41.0, 70.0], [28.0, 72.0], [32.0, 74.0], [48.0, 76.0]]",0,36.074787,32.0
"[[28.0, 72.0], [32.0, 74.0], [48.0, 76.0], [32.0, 78.0]]",0,32.989723,23.0
"[[32.0, 74.0], [48.0, 76.0], [32.0, 78.0], [23.0, 80.0]]",0,27.813837,23.0
"[[48.0, 76.0], [32.0, 78.0], [23.0, 80.0], [23.0, 82.0]]",0,30.287848,14.0
"[[32.0, 78.0], [23.0, 80.0], [23.0, 82.0], [14.0, 84.0]]",0,28.87177,6.0
"[[23.0, 80.0], [23.0, 82.0], [14.0, 84.0], [6.0, 86.0]]",0,26.021824,23.0
"[[23.0, 82.0], [14.0, 84.0], [6.0, 86.0], [23.0, 88.0]]",0,31.275574,8.0
"[[14.0, 84.0], [6.0, 86.0], [23.0, 88.0], [8.0, 90.0]]",0,30.260477,4.0
"[[6.0, 86.0], [23.0, 88.0], [8.0, 90.0], [4.0, 92.0]]",0,25.740604,13.0
"[[23.0, 88.0], [8.0, 90.0], [4.0, 92.0], [13.0, 94.0]]",0,30.953712,0.0
"[[8.0, 90.0], [4.0, 92.0], [13.0, 94.0], [0.0, 0.0]]",0,4.1970725,0.0
"[[4.0, 92.0], [13.0, 94.0], [0.0, 0.0], [0.0, 2.0]]",0,-7.574294,0.0
"[[13.0, 94.0], [0.0, 0.0], [0.0, 2.0], [0.0, 4.0]]",0,7.1710987,0.0
"[[0.0, 0.0], [0.0, 2.0], [0.0, 4.0], [0.0, 6.0]]",0,2.262872,0.0
"[[0.0, 2.0], [0.0, 4.0], [0.0, 6.0], [0.0, 8.0]]",0,2.8265812,0.0
"[[0.0, 4.0], [0.0, 6.0], [0.0, 8.0], [0.0, 10.0]]",0,3.3902907,0.0
"[[0.0, 6.0], [0.0, 8.0], [0.0, 10.0], [0.0, 12.0]]",0,3.9540002,0.0
"[[0.0, 8.0], [0.0, 10.0], [0.0, 12.0], [0.0, 14.0]]",0,4.5177097,0.0
"[[0.0, 10.0], [0.0, 12.0], [0.0, 14.0], [0.0, 16.0]]",0,5.0814195,0.0
"[[0.0, 12.0], [0.0, 14.0], [0.0, 16.0], [0.0, 18.0]]",0,5.6451283,0.0
"[[0.0, 14.0], [0.0, 16.0], [0.0, 18.0], [0.0, 20.0]]",0,6.2088375,0.0
"[[0.0, 16.0], [0.0, 18.0], [0.0, 20.0], [0.0, 22.0]]",0,6.772546,0.0
"[[0.0, 18.0], [0.0, 20.0], [0.0, 22.0], [0.0, 24.0]]",0,7.336255,0.0
"[[0.0, 20.0], [0.0, 22.0], [0.0, 24.0], [0.0, 26.0]]",0,7.899968,0.0
"[[0.0, 22.0], [0.0, 24.0], [0.0, 26.0], [0.0, 28.0]]",0,8.463677,0.0
"[[0.0, 24.0], [0.0, 26.0], [0.0, 28.0], [0.0, 30.0]]",0,9.027387,0.0
"[[0.0, 26.0], [0.0, 28.0], [0.0, 30.0], [0.0, 32.0]]",0,9.591096,0.0
"[[0.0, 28.0], [0.0, 30.0], [0.0, 32.0], [0.0, 34.0]]",0,10.154802,0.0
"[[0.0, 30.0], [0.0, 32.0], [0.0, 34.0], [0.0, 36.0]]",0,10.718513,0.0
"[[0.0, 32.0], [0.0, 34.0], [0.0, 36.0], [0.0, 38.0]]",0,11.282222,0.0
"[[0.0, 34.0], [0.0, 36.0], [0.0, 38.0], [0.0, 40.0]]",0,11.84593,0.0
"[[0.0, 36.0], [0.0, 38.0], [0.0, 40.0], [0.0, 42.0]]",0,12.40964,0.0
"[[0.0, 38.0], [0.0, 40.0], [0.0, 42.0], [0.0, 44.0]]",0,12.973347,0.0
"[[0.0, 40.0], [0.0, 42.0], [0.0, 44.0], [0.0, 46.0]]",0,13.537061,0.0
"[[0.0, 42.0], [0.0, 44.0], [0.0, 46.0], [0.0, 48.0]]",0,14.100766,0.0
"[[0.0, 44.0], [0.0, 46.0], [0.0, 48.0], [0.0, 50.0]]",0,14.664477,0.0
"[[0.0, 46.0], [0.0, 48.0], [0.0, 50.0], [0.0, 52.0]]",0,15.228192,0.0
"[[0.0, 48.0], [0.0, 50.0], [0.0, 52.0], [0.0, 54.0]]",0,15.791896,0.0
"[[0.0, 50.0], [0.0, 52.0], [0.0, 54.0], [0.0, 56.0]]",0,16.35561,0.0
"[[0.0, 52.0], [0.0, 54.0], [0.0, 56.0], [0.0, 58.0]]",0,16.919313,0.0
"[[0.0, 54.0], [0.0, 56.0], [0.0, 58.0], [0.0, 60.0]]",0,17.48303,0.0
"[[0.0, 56.0], [0.0, 58.0], [0.0, 60.0], [0.0, 62.0]]",0,18.046732,0.0
"[[0.0, 58.0], [0.0, 60.0], [0.0, 62.0], [0.0, 64.0]]",0,18.610445,0.0
"[[0.0, 60.0], [0.0, 62.0], [0.0, 64.0], [0.0, 66.0]]",0,19.174149,0.0
"[[0.0, 62.0], [0.0, 64.0], [0.0, 66.0], [0.0, 68.0]]",0,19.737864,0.0
"[[0.0, 64.0], [0.0, 66.0], [0.0, 68.0], [0.0, 70.0]]",0,20.301569,0.0
"[[0.0, 66.0], [0.0, 68.0], [0.0, 70.0], [0.0, 72.0]]",0,20.86528,0.0
"[[0.0, 68.0], [0.0, 70.0], [0.0, 72.0], [0.0, 74.0]]",0,21.42899,0.0
"[[0.0, 70.0], [0.0, 72.0], [0.0, 74.0], [0.0, 76.0]]",0,21.9927,0.0
"[[0.0, 72.0], [0.0, 74.0], [0.0, 76.0], [0.0, 78.0]]",0,22.55641,0.0
"[[0.0, 74.0], [0.0, 76.0], [0.0, 78.0], [0.0, 80.0]]",0,23.120115,0.0
"[[0.0, 76.0], [0.0, 78.0], [0.0, 80.0], [0.0, 82.0]]",0,23.68382,0.0
"[[0.0, 78.0], [0.0, 80.0], [0.0, 82.0], [0.0, 84.0]]",0,24.247538,0.0
"[[0.0, 80.0], [0.0, 82.0], [0.0, 84.0], [0.0, 86.0]]",0,24.811247,0.0
"[[0.0, 82.0], [0.0, 84.0], [0.0, 86.0], [0.0, 88.0]]",0,25.374949,0.0
"[[0.0, 84.0], [0.0, 86.0], [0.0, 88.0], [0.0, 90.0]]",0,25.938663,0.0
"[[0.0, 86.0], [0.0, 88.0], [0.0, 90.0], [0.0, 92.0]]",0,26.502373,0.0
"[[0.0, 88.0], [0.0, 90.0], [0.0, 92.0], [0.0, 94.0]]",0,27.066086,2.0
"[[0.0, 90.0], [0.0, 92.0], [0.0, 94.0], [2.0, 0.0]]",0,3.5006962,1.0
"[[0.0, 92.0], [0.0, 94.0], [2.0, 0.0], [1.0, 2.0]]",0,-5.679052,1.0
"[[0.0, 94.0], [2.0, 0.0], [1.0, 2.0], [1.0, 4.0]]",0,6.624173,0.0
"[[2.0, 0.0], [1.0, 2.0], [1.0, 4.0], [0.0, 6.0]]",0,2.3382354,1.0
"[[1.0, 2.0], [1.0, 4.0], [0.0, 6.0], [1.0, 8.0]]",0,3.0075128,1.0
"[[1.0, 4.0], [0.0, 6.0], [1.0, 8.0], [1.0, 10.0]]",0,3.7981076,0.0
"[[0.0, 6.0], [1.0, 8.0], [1.0, 10.0], [0.0, 12.0]]",0,3.928961,0.0
"[[1.0, 8.0], [1.0, 10.0], [0.0, 12.0], [0.0, 14.0]]",0,4.441949,0.0
"[[1.0, 10.0], [0.0, 12.0], [0.0, 14.0], [0.0, 16.0]]",0,5.131621,3.0
"[[0.0, 12.0], [0.0, 14.0], [0.0, 16.0], [3.0, 18.0]]",0,6.415206,3.0
"[[0.0, 14.0], [0.0, 16.0], [3.0, 18.0], [3.0, 20.0]]",0,7.2816844,5.0
"[[0.0, 16.0], [3.0, 18.0], [3.0, 20.0], [5.0, 22.0]]",0,7.980891,5.0
"[[3.0, 18.0], [3.0, 20.0], [5.0, 22.0], [5.0, 24.0]]",0,8.897051,11.0
"[[3.0, 20.0], [5.0, 22.0], [5.0, 24.0], [11.0, 26.0]]",0,10.748995,22.0
"[[5.0, 22.0], [5.0, 24.0], [11.0, 26.0], [22.0, 28.0]]",0,14.842262,35.0
"[[5.0, 24.0], [11.0, 26.0], [22.0, 28.0], [35.0, 30.0]]",0,19.097353,41.0
"[[11.0, 26.0], [22.0, 28.0], [35.0, 30.0], [41.0, 32.0]]",0,21.42884,31.0
"[[22.0, 28.0], [35.0, 30.0], [41.0, 32.0], [31.0, 34.0]]",0,18.945868,34.0
"[[35.0, 30.0], [41.0, 32.0], [31.0, 34.0], [34.0, 36.0]]",0,19.167267,22.0
"[[41.0, 32.0], [31.0, 34.0], [34.0, 36.0], [22.0, 38.0]]",0,18.514263,22.0
"[[31.0, 34.0], [34.0, 36.0], [22.0, 38.0], [22.0, 40.0]]",0,16.986996,25.0
"[[34.0, 36.0], [22.0, 38.0], [22.0, 40.0], [25.0, 42.0]]",0,19.982933,23.0
"[[22.0, 38.0], [22.0, 40.0], [25.0, 42.0], [23.0, 44.0]]",0,19.733612,25.0
"[[22.0, 40.0], [25.0, 42.0], [23.0, 44.0], [25.0, 46.0]]",0,20.230978,29.0
"[[25.0, 42.0], [23.0, 44.0], [25.0, 46.0], [29.0, 48.0]]",0,22.425827,32.0
"[[23.0, 44.0], [25.0, 46.0], [29.0, 48.0], [32.0, 50.0]]",0,23.810982,30.0
"[[25.0, 46.0], [29.0, 48.0], [32.0, 50.0], [30.0, 52.0]]",0,23.760635,32.0
"[[29.0, 48.0], [32.0, 50.0], [30.0, 52.0], [32.0, 54.0]]",0,24.458797,23.0
"[[32.0, 50.0], [30.0, 52.0], [32.0, 54.0], [23.0, 56.0]]",0,23.31665,34.0
"[[30.0, 52.0], [32.0, 54.0], [23.0, 56.0], [34.0, 58.0]]",0,25.443338,27.0
"[[32.0, 54.0], [23.0, 56.0], [34.0, 58.0], [27.0, 60.0]]",0,26.55442,20.0
"[[23.0, 56.0], [34.0, 58.0], [27.0, 60.0], [20.0, 62.0]]",0,22.777418,21.0
"[[34.0, 58.0], [27.0, 60.0], [20.0, 62.0], [21.0, 64.0]]",0,24.325314,23.0
"[[27.0, 60.0], [20.0, 62.0], [21.0, 64.0], [23.0, 66.0]]",0,26.033651,21.0
"[[20.0, 62.0], [21.0, 64.0], [23.0, 66.0], [21.0, 68.0]]",0,25.808456,22.0
"[[21.0, 64.0], [23.0, 66.0], [21.0, 68.0], [22.0, 70.0]]",0,26.225285,33.0
"[[23.0, 66.0], [21.0, 68.0], [22.0, 70.0], [33.0, 72.0]]",0,30.065865,24.0
"[[21.0, 68.0], [22.0, 70.0], [33.0, 72.0], [24.0, 74.0]]",0,29.203129,18.0
"[[22.0, 70.0], [33.0, 72.0], [24.0, 74.0], [18.0, 76.0]]",0,25.982994,17.0
"[[33.0, 72.0], [24.0, 74.0], [18.0, 76.0], [17.0, 78.0]]",0,27.370346,15.0
"[[24.0, 74.0], [18.0, 76.0], [17.0, 78.0], [15.0, 80.0]]",0,27.623707,14.0
"[[18.0, 76.0], [17.0, 78.0], [15.0, 80.0], [14.0, 82.0]]",0,27.553629,8.0
"[[17.0, 78.0], [15.0, 80.0], [14.0, 82.0], [8.0, 84.0]]",0,26.67799,3.0
"[[15.0, 80.0], [14.0, 82.0], [8.0, 84.0], [3.0, 86.0]]",0,25.378258,8.0
"[[14.0, 82.0], [8.0, 84.0], [3.0, 86.0], [8.0, 88.0]]",0,27.426376,2.0
"[[8.0, 84.0], [3.0, 86.0], [8.0, 88.0], [2.0, 90.0]]",0,27.283155,4.0
"[[3.0, 86.0], [8.0, 88.0], [2.0, 90.0], [4.0, 92.0]]",0,26.873896,2.0
"[[8.0, 88.0], [2.0, 90.0], [4.0, 92.0], [2.0, 94.0]]",0,28.132849,0.0
"[[2.0, 90.0], [4.0, 92.0], [2.0, 94.0], [0.0, 0.0]]",0,2.785711,1.0
"[[4.0, 92.0], [2.0, 94.0], [0.0, 0.0], [1.0, 2.0]]",0,-5.932018,1.0
"[[2.0, 94.0], [0.0, 0.0], [1.0, 2.0], [1.0, 4.0]]",0,6.9764996,0.0
"[[0.0, 0.0], [1.0, 2.0], [1.0, 4.0], [0.0, 6.0]]",0,2.2378328,0.0
"[[1.0, 2.0], [1.0, 4.0], [0.0, 6.0], [0.0, 8.0]]",0,2.7508202,0.0
"[[1.0, 4.0], [0.0, 6.0], [0.0, 8.0], [0.0, 10.0]]",0,3.440492,0.0
"[[0.0, 6.0], [0.0, 8.0], [0.0, 10.0], [0.0, 12.0]]",0,3.9540002,0.0
"[[0.0, 8.0], [0.0, 10.0], [0.0, 12.0], [0.0, 14.0]]",0,4.5177097,2.0
"[[0.0, 10.0], [0.0, 12.0], [0.0, 14.0], [2.0, 16.0]]",0,5.594805,1.0
"[[0.0, 12.0], [0.0, 14.0], [2.0, 16.0], [1.0, 18.0]]",0,6.1036673,4.0
"[[0.0, 14.0], [2.0, 16.0], [1.0, 18.0], [4.0, 20.0]]",0,7.084606,2.0
"[[2.0, 16.0], [1.0, 18.0], [4.0, 20.0], [2.0, 22.0]]",0,7.664064,9.0
"[[1.0, 18.0], [4.0, 20.0], [2.0, 22.0], [9.0, 24.0]]",0,9.394686,13.0
"[[4.0, 20.0], [2.0, 22.0], [9.0, 24.0], [13.0, 26.0]]",0,12.094159,29.0
"[[2.0, 22.0], [9.0, 24.0], [13.0, 26.0], [29.0, 28.0]]",0,16.1865,38.0
"[[9.0, 24.0], [13.0, 26.0], [29.0, 28.0], [38.0, 30.0]]",0,20.522774,49.0
"[[13.0, 26.0], [29.0, 28.0], [38.0, 30.0], [49.0, 32.0]]",0,23.003815,65.0
"[[29.0, 28.0], [38.0, 30.0], [49.0, 32.0], [65.0, 34.0]]",0,28.454317,52.0
"[[38.0, 30.0], [49.0, 32.0], [65.0, 34.0], [52.0, 36.0]]",0,26.362026,31.0
"[[49.0, 32.0], [65.0, 34.0], [52.0, 36.0], [31.0, 38.0]]",0,18.760014,21.0
"[[65.0, 34.0], [52.0, 36.0], [31.0, 38.0], [21.0, 40.0]]",0,17.07814,22.0
"[[52.0, 36.0], [31.0, 38.0], [21.0, 40.0], [22.0, 42.0]]",0,18.8819,35.0
"[[31.0, 38.0], [21.0, 40.0], [22.0, 42.0], [35.0, 44.0]]",0,23.088924,36.0
"[[21.0, 40.0], [22.0, 42.0], [35.0, 44.0], [36.0, 46.0]]",0,24.593357,26.0
"[[22.0, 42.0], [35.0, 44.0], [36.0, 46.0], [26.0, 48.0]]",0,21.103756,32.0
"[[35.0, 44.0], [36.0, 46.0], [26.0, 48.0], [32.0, 50.0]]",0,22.725044,27.0
"[[36.0, 46.0], [26.0, 48.0], [32.0, 50.0], [27.0, 52.0]]",0,23.920658,27.0
"[[26.0, 48.0], [32.0, 50.0], [27.0, 52.0], [27.0, 54.0]]",0,22.721958,26.0
"[[32.0, 50.0], [27.0, 52.0], [27.0, 54.0], [26.0, 56.0]]",0,23.960001,27.0
"[[27.0, 52.0], [27.0, 54.0], [26.0, 56.0], [27.0, 58.0]]",0,24.428467,26.0
"[[27.0, 54.0], [26.0, 56.0], [27.0, 58.0], [26.0, 60.0]]",0,24.96238,25.0
"[[26.0, 56.0], [27.0, 58.0], [26.0, 60.0], [25.0, 62.0]]",0,24.992298,18.0
"[[27.0, 58.0], [26.0, 60.0], [25.0, 62.0], [18.0, 64.0]]",0,23.8344,24.0
"[[26.0, 60.0], [25.0, 62.0], [18.0, 64.0], [24.0, 66.0]]",0,25.307558,19.0
"[[25.0, 62.0], [18.0, 64.0], [24.0, 66.0], [19.0, 68.0]]",0,26.024887,34.0
"[[18.0, 64.0], [24.0, 66.0], [19.0, 68.0], [34.0, 70.0]]",0,28.827183,29.0
"[[24.0, 66.0], [19.0, 68.0], [34.0, 70.0], [29.0, 72.0]]",0,30.552296,27.0
"[[19.0, 68.0], [34.0, 70.0], [29.0, 72.0], [27.0, 74.0]]",0,27.957565,13.0
"[[34.0, 70.0], [29.0, 72.0], [27.0, 74.0], [13.0, 76.0]]",0,26.108566,13.0
"[[29.0, 72.0], [27.0, 74.0], [13.0, 76.0], [13.0, 78.0]]",0,25.260271,11.0
"[[27.0, 74.0], [13.0, 76.0], [13.0, 78.0], [11.0, 80.0]]",0,26.97366,15.0
"[[13.0, 76.0], [13.0, 78.0], [11.0, 80.0], [15.0, 82.0]]",0,27.659472,10.0
"[[13.0, 78.0], [11.0, 80.0], [15.0, 82.0], [10.0, 84.0]]",0,27.59534,7.0
"[[11.0, 80.0], [15.0, 82.0], [10.0, 84.0], [7.0, 86.0]]",0,26.280106,11.0
"[[15.0, 82.0], [10.0, 84.0], [7.0, 86.0], [11.0, 88.0]]",0,28.398422,9.0
"[[10.0, 84.0], [7.0, 86.0], [11.0, 88.0], [9.0, 90.0]]",0,28.979326,7.0
"[[7.0, 86.0], [11.0, 88.0], [9.0, 90.0], [7.0, 92.0]]",0,28.173353,2.0
"[[11.0, 88.0], [9.0, 90.0], [7.0, 92.0], [2.0, 94.0]]",0,27.704487,0.0
"[[9.0, 90.0], [7.0, 92.0], [2.0, 94.0], [0.0, 0.0]]",0,2.7592335,1.0
"[[7.0, 92.0], [2.0, 94.0], [0.0, 0.0], [1.0, 2.0]]",0,-5.7814136,0.0
"[[2.0, 94.0], [0.0, 0.0], [1.0, 2.0], [0.0, 4.0]]",0,6.7198076,1.0
"[[0.0, 0.0], [1.0, 2.0], [0.0, 4.0], [1.0, 6.0]]",0,2.3936021,2.0
"[[1.0, 2.0], [0.0, 4.0], [1.0, 6.0], [2.0, 8.0]]",0,3.4910905,1.0
"[[0.0, 4.0], [1.0, 6.0], [2.0, 8.0], [1.0, 10.0]]",0,3.7228673,1.0
"[[1.0, 6.0], [2.0, 8.0], [1.0, 10.0], [1.0, 12.0]]",0,4.109893,0.0
"[[2.0, 8.0], [1.0, 10.0], [1.0, 12.0], [0.0, 14.0]]",0,4.5930734,1.0
"[[1.0, 10.0], [1.0, 12.0], [0.0, 14.0], [1.0, 16.0]]",0,5.262351,3.0
"[[1.0, 12.0], [0.0, 14.0], [1.0, 16.0], [3.0, 18.0]]",0,6.56633,1.0
"[[0.0, 14.0], [1.0, 16.0], [3.0, 18.0], [1.0, 20.0]]",0,6.6423373,5.0
"[[1.0, 16.0], [3.0, 18.0], [1.0, 20.0], [5.0, 22.0]]",0,7.8292465,4.0
"[[3.0, 18.0], [1.0, 20.0], [5.0, 22.0], [4.0, 24.0]]",0,8.8922825,16.0
"[[1.0, 20.0], [5.0, 22.0], [4.0, 24.0], [16.0, 26.0]]",0,11.831131,29.0
"[[5.0, 22.0], [4.0, 24.0], [16.0, 26.0], [29.0, 28.0]]",0,17.269684,45.0
"[[4.0, 24.0], [16.0, 26.0], [29.0, 28.0], [45.0, 30.0]]",0,21.690727,44.0
"[[16.0, 26.0], [29.0, 28.0], [45.0, 30.0], [44.0, 32.0]]",0,22.577423,59.0
"[[29.0, 28.0], [45.0, 30.0], [44.0, 32.0], [59.0, 34.0]]",0,25.527815,30.0
"[[45.0, 30.0], [44.0, 32.0], [59.0, 34.0], [30.0, 36.0]]",0,21.09047,34.0
"[[44.0, 32.0], [59.0, 34.0], [30.0, 36.0], [34.0, 38.0]]",0,17.814548,31.0
"[[59.0, 34.0], [30.0, 36.0], [34.0, 38.0], [31.0, 40.0]]",0,22.417797,38.0
"[[30.0, 36.0], [34.0, 38.0], [31.0, 40.0], [38.0, 42.0]]",0,22.515892,27.0
"[[34.0, 38.0], [31.0, 40.0], [38.0, 42.0], [27.0, 44.0]]",0,21.541136,30.0
"[[31.0, 40.0], [38.0, 42.0], [27.0, 44.0], [30.0, 46.0]]",0,20.732437,18.0
"[[38.0, 42.0], [27.0, 44.0], [30.0, 46.0], [18.0, 48.0]]",0,20.255589,41.0
"[[27.0, 44.0], [30.0, 46.0], [18.0, 48.0], [41.0, 50.0]]",0,24.58205,31.0
"[[30.0, 46.0], [18.0, 48.0], [41.0, 50.0], [31.0, 52.0]]",0,26.562222,29.0
"[[18.0, 48.0], [41.0, 50.0], [31.0, 52.0], [29.0, 54.0]]",0,22.103767,39.0
"[[41.0, 50.0], [31.0, 52.0], [29.0, 54.0], [39.0, 56.0]]",0,27.44681,33.0
"[[31.0, 52.0], [29.0, 54.0], [39.0, 56.0], [33.0, 58.0]]",0,27.229502,27.0
"[[29.0, 54.0], [39.0, 56.0], [33.0, 58.0], [27.0, 60.0]]",0,24.2875,34.0
"[[39.0, 56.0], [33.0, 58.0], [27.0, 60.0], [34.0, 62.0]]",0,27.300299,30.0
"[[33.0, 58.0], [27.0, 60.0], [34.0, 62.0], [30.0, 64.0]]",0,27.998268,35.0
"[[27.0, 60.0], [34.0, 62.0], [30.0, 64.0], [35.0, 66.0]]",0,28.258797,46.0
"[[34.0, 62.0], [30.0, 64.0], [35.0, 66.0], [46.0, 68.0]]",0,33.006004,39.0
"[[30.0, 64.0], [35.0, 66.0], [46.0, 68.0], [39.0, 70.0]]",0,32.052395,61.0
"[[35.0, 66.0], [46.0, 68.0], [39.0, 70.0], [61.0, 72.0]]",0,36.422302,48.0
"[[46.0, 68.0], [39.0, 70.0], [61.0, 72.0], [48.0, 74.0]]",0,37.30327,39.0
"[[39.0, 70.0], [61.0, 72.0], [48.0, 74.0], [39.0, 76.0]]",0,31.122173,24.0
"[[61.0, 72.0], [48.0, 74.0], [39.0, 76.0], [24.0, 78.0]]",0,29.669123,12.0
"[[48.0, 74.0], [39.0, 76.0], [24.0, 78.0], [12.0, 80.0]]",0,26.119713,12.0
"[[39.0, 76.0], [24.0, 78.0], [12.0, 80.0], [12.0, 82.0]]",0,26.909964,11.0
"[[24.0, 78.0], [12.0, 80.0], [12.0, 82.0], [11.0, 84.0]]",0,27.975517,12.0
"[[12.0, 80.0], [12.0, 82.0], [11.0, 84.0], [12.0, 86.0]]",0,28.092579,5.0
"[[12.0, 82.0], [11.0, 84.0], [12.0, 86.0], [5.0, 88.0]]",0,27.086319,10.0
"[[11.0, 84.0], [12.0, 86.0], [5.0, 88.0], [10.0, 90.0]]",0,28.05087,4.0
"[[12.0, 86.0], [5.0, 88.0], [10.0, 90.0], [4.0, 92.0]]",0,28.510977,1.0
"[[5.0, 88.0], [10.0, 90.0], [4.0, 92.0], [1.0, 94.0]]",0,26.717855,1.0
"[[10.0, 90.0], [4.0, 92.0], [1.0, 94.0], [1.0, 0.0]]",0,3.3430908,1.0
"[[4.0, 92.0], [1.0, 94.0], [1.0, 0.0], [1.0, 2.0]]",0,-5.7051325,0.0
"[[1.0, 94.0], [1.0, 0.0], [1.0, 2.0], [0.0, 4.0]]",0,6.543644,0.0
"[[1.0, 0.0], [1.0, 2.0], [0.0, 4.0], [0.0, 6.0]]",0,2.187111,2.0
"[[1.0, 2.0], [0.0, 4.0], [0.0, 6.0], [2.0, 8.0]]",0,3.3901675,0.0
"[[0.0, 4.0], [0.0, 6.0], [2.0, 8.0], [0.0, 10.0]]",0,3.5921369,0.0
"[[0.0, 6.0], [2.0, 8.0], [0.0, 10.0], [0.0, 12.0]]",0,3.702076,3.0
"[[2.0, 8.0], [0.0, 10.0], [0.0, 12.0], [3.0, 14.0]]",0,5.38819,0.0
"[[0.0, 10.0], [0.0, 12.0], [3.0, 14.0], [0.0, 16.0]]",0,5.384189,7.0
"[[0.0, 12.0], [3.0, 14.0], [0.0, 16.0], [7.0, 18.0]]",0,7.0640893,1.0
"[[3.0, 14.0], [0.0, 16.0], [7.0, 18.0], [1.0, 20.0]]",0,7.3225956,4.0
"[[0.0, 16.0], [7.0, 18.0], [1.0, 20.0], [4.0, 22.0]]",0,7.0185037,10.0
"[[7.0, 18.0], [1.0, 20.0], [4.0, 22.0], [10.0, 24.0]]",0,10.53232,20.0
"[[1.0, 20.0], [4.0, 22.0], [10.0, 24.0], [20.0, 26.0]]",0,13.589401,39.0
"[[4.0, 22.0], [10.0, 24.0], [20.0, 26.0], [39.0, 28.0]]",0,19.43433,44.0
"[[10.0, 24.0], [20.0, 26.0], [39.0, 28.0], [44.0, 30.0]]",0,22.240625,54.0
"[[20.0, 26.0], [39.0, 28.0], [44.0, 30.0], [54.0, 32.0]]",0,23.984604,42.0
"[[39.0, 28.0], [44.0, 30.0], [54.0, 32.0], [42.0, 34.0]]",0,22.801247,32.0
"[[44.0, 30.0], [54.0, 32.0], [42.0, 34.0], [32.0, 36.0]]",0,18.578339,29.0
"[[54.0, 32.0], [42.0, 34.0], [32.0, 36.0], [29.0, 38.0]]",0,19.3763,29.0
"[[42.0, 34.0], [32.0, 36.0], [29.0, 38.0], [29.0, 40.0]]",0,20.294445,34.0
"[[32.0, 36.0], [29.0, 38.0], [29.0, 40.0], [34.0, 42.0]]",0,22.01749,33.0
"[[29.0, 38.0], [29.0, 40.0], [34.0, 42.0], [33.0, 44.0]]",0,22.678516,29.0
"[[29.0, 40.0], [34.0, 42.0], [33.0, 44.0], [29.0, 46.0]]",0,21.484726,19.0
"[[34.0, 42.0], [33.0, 44.0], [29.0, 46.0], [19.0, 48.0]]",0,19.454784,46.0
"[[33.0, 44.0], [29.0, 46.0], [19.0, 48.0], [46.0, 50.0]]",0,26.393608,31.0
"[[29.0, 46.0], [19.0, 48.0], [46.0, 50.0], [31.0, 52.0]]",0,26.890675,32.0
"[[19.0, 48.0], [46.0, 50.0], [31.0, 52.0], [32.0, 54.0]]",0,22.294237,31.0
"[[46.0, 50.0], [31.0, 52.0], [32.0, 54.0], [31.0, 56.0]]",0,25.947048,39.0
"[[31.0, 52.0], [32.0, 54.0], [31.0, 56.0], [39.0, 58.0]]",0,27.584385,26.0
"[[32.0, 54.0], [31.0, 56.0], [39.0, 58.0], [26.0, 60.0]]",0,25.79465,23.0
"[[31.0, 56.0], [39.0, 58.0], [26.0, 60.0], [23.0, 62.0]]",0,23.218372,34.0
"[[39.0, 58.0], [26.0, 60.0], [23.0, 62.0], [34.0, 64.0]]",0,28.342056,25.0
"[[26.0, 60.0], [23.0, 62.0], [34.0, 64.0], [25.0, 66.0]]",0,27.430948,39.0
"[[23.0, 62.0], [34.0, 64.0], [25.0, 66.0], [39.0, 68.0]]",0,29.143862,41.0
"[[34.0, 64.0], [25.0, 66.0], [39.0, 68.0], [41.0, 70.0]]",0,33.319748,40.0
"[[25.0, 66.0], [39.0, 68.0], [41.0, 70.0], [40.0, 72.0]]",0,31.613335,38.0
"[[39.0, 68.0], [41.0, 70.0], [40.0, 72.0], [38.0, 74.0]]",0,32.01363,29.0
"[[41.0, 70.0], [40.0, 72.0], [38.0, 74.0], [29.0, 76.0]]",0,30.291626,20.0
"[[40.0, 72.0], [38.0, 74.0], [29.0, 76.0], [20.0, 78.0]]",0,27.838514,14.0
"[[38.0, 74.0], [29.0, 76.0], [20.0, 78.0], [14.0, 80.0]]",0,26.987015,15.0
"[[29.0, 76.0], [20.0, 78.0], [14.0, 80.0], [15.0, 82.0]]",0,27.883724,10.0
"[[20.0, 78.0], [14.0, 80.0], [15.0, 82.0], [10.0, 84.0]]",0,27.568863,6.0
"[[14.0, 80.0], [15.0, 82.0], [10.0, 84.0], [6.0, 86.0]]",0,26.174017,10.0
"[[15.0, 82.0], [10.0, 84.0], [6.0, 86.0], [10.0, 88.0]]",0,28.040808,5.0
"[[10.0, 84.0], [6.0, 86.0], [10.0, 88.0], [5.0, 90.0]]",0,27.977596,12.0
"[[6.0, 86.0], [10.0, 88.0], [5.0, 90.0], [12.0, 92.0]]",0,29.128883,3.0
"[[10.0, 88.0], [5.0, 90.0], [12.0, 92.0], [3.0, 94.0]]",0,28.919441,2.0
"[[5.0, 90.0], [12.0, 92.0], [3.0, 94.0], [2.0, 0.0]]",0,2.5429254,3.0
"[[12.0, 92.0], [3.0, 94.0], [2.0, 0.0], [3.0, 2.0]]",0,-4.9411387,2.0
"[[3.0, 94.0], [2.0, 0.0], [3.0, 2.0], [2.0, 4.0]]",0,7.2333155,0.0
"[[2.0, 0.0], [3.0, 2.0], [2.0, 4.0], [0.0, 6.0]]",0,2.1872342,1.0
"[[3.0, 2.0], [2.0, 4.0], [0.0, 6.0], [1.0, 8.0]]",0,2.9819531,0.0
"[[2.0, 4.0], [0.0, 6.0], [1.0, 8.0], [0.0, 10.0]]",0,3.5916162,0.0
"[[0.0, 6.0], [1.0, 8.0], [0.0, 10.0], [0.0, 12.0]]",0,3.828038,1.0
"[[1.0, 8.0], [0.0, 10.0], [0.0, 12.0], [1.0, 14.0]]",0,4.8246036,0.0
"[[0.0, 10.0], [0.0, 12.0], [1.0, 14.0], [0.0, 16.0]]",0,5.1823425,5.0
"[[0.0, 12.0], [1.0, 14.0], [0.0, 16.0], [5.0, 18.0]]",0,6.802629,13.0
"[[1.0, 14.0], [0.0, 16.0], [5.0, 18.0], [13.0, 20.0]]",0,10.1006565,7.0
"[[0.0, 16.0], [5.0, 18.0], [13.0, 20.0], [7.0, 22.0]]",0,9.251583,8.0
"[[5.0, 18.0], [13.0, 20.0], [7.0, 22.0], [8.0, 24.0]]",0,8.709755,19.0
"[[13.0, 20.0], [7.0, 22.0], [8.0, 24.0], [19.0, 26.0]]",0,13.355392,20.0
"[[7.0, 22.0], [8.0, 24.0], [19.0, 26.0], [20.0, 28.0]]",0,14.858778,35.0
"[[8.0, 24.0], [19.0, 26.0], [20.0, 28.0], [35.0, 30.0]]",0,18.038414,35.0
"[[19.0, 26.0], [20.0, 28.0], [35.0, 30.0], [35.0, 32.0]]",0,20.542221,33.0
"[[20.0, 28.0], [35.0, 30.0], [35.0, 32.0], [33.0, 34.0]]",0,18.753311,20.0
"[[35.0, 30.0], [35.0, 32.0], [33.0, 34.0], [20.0, 36.0]]",0,16.531189,27.0
"[[35.0, 32.0], [33.0, 34.0], [20.0, 36.0], [27.0, 38.0]]",0,17.83167,27.0
"[[33.0, 34.0], [20.0, 36.0], [27.0, 38.0], [27.0, 40.0]]",0,20.638947,29.0
"[[20.0, 36.0], [27.0, 38.0], [27.0, 40.0], [29.0, 42.0]]",0,20.18169,30.0
"[[27.0, 38.0], [27.0, 40.0], [29.0, 42.0], [30.0, 44.0]]",0,21.555347,31.0
"[[27.0, 40.0], [29.0, 42.0], [30.0, 44.0], [31.0, 46.0]]",0,22.22475,26.0
"[[29.0, 42.0], [30.0, 44.0], [31.0, 46.0], [26.0, 48.0]]",0,21.58036,28.0
"[[30.0, 44.0], [31.0, 46.0], [26.0, 48.0], [28.0, 50.0]]",0,22.07708,34.0
"[[31.0, 46.0], [26.0, 48.0], [28.0, 50.0], [34.0, 52.0]]",0,25.062807,40.0
"[[26.0, 48.0], [28.0, 50.0], [34.0, 52.0], [40.0, 54.0]]",0,27.269272,29.0
"[[28.0, 50.0], [34.0, 52.0], [40.0, 54.0], [29.0, 56.0]]",0,24.959538,25.0
"[[34.0, 52.0], [40.0, 54.0], [29.0, 56.0], [25.0, 58.0]]",0,22.93175,43.0
"[[40.0, 54.0], [29.0, 56.0], [25.0, 58.0], [43.0, 60.0]]",0,29.399033,32.0
"[[29.0, 56.0], [25.0, 58.0], [43.0, 60.0], [32.0, 62.0]]",0,28.907368,34.0
"[[25.0, 58.0], [43.0, 60.0], [32.0, 62.0], [34.0, 64.0]]",0,26.406189,29.0
"[[43.0, 60.0], [32.0, 62.0], [34.0, 64.0], [29.0, 66.0]]",0,28.177479,40.0
"[[32.0, 62.0], [34.0, 64.0], [29.0, 66.0], [40.0, 68.0]]",0,30.256058,54.0
"[[34.0, 64.0], [29.0, 66.0], [40.0, 68.0], [54.0, 70.0]]",0,36.253822,42.0
"[[29.0, 66.0], [40.0, 68.0], [54.0, 70.0], [42.0, 72.0]]",0,33.51356,41.0
"[[40.0, 68.0], [54.0, 70.0], [42.0, 72.0], [41.0, 74.0]]",0,31.398243,45.0
"[[54.0, 70.0], [42.0, 72.0], [41.0, 74.0], [45.0, 76.0]]",0,35.10216,32.0
"[[42.0, 72.0], [41.0, 74.0], [45.0, 76.0], [32.0, 78.0]]",0,32.25611,24.0
"[[41.0, 74.0], [45.0, 76.0], [32.0, 78.0], [24.0, 80.0]]",0,28.900227,14.0
"[[45.0, 76.0], [32.0, 78.0], [24.0, 80.0], [14.0, 82.0]]",0,27.927933,19.0
"[[32.0, 78.0], [24.0, 80.0], [14.0, 82.0], [19.0, 84.0]]",0,29.120966,19.0
"[[24.0, 80.0], [14.0, 82.0], [19.0, 84.0], [19.0, 86.0]]",0,31.047302,15.0
"[[14.0, 82.0], [19.0, 84.0], [19.0, 86.0], [15.0, 88.0]]",0,29.452412,12.0
"[[19.0, 84.0], [19.0, 86.0], [15.0, 88.0], [12.0, 90.0]]",0,29.09336,11.0
"[[19.0, 86.0], [15.0, 88.0], [12.0, 90.0], [11.0, 92.0]]",0,29.601458,10.0
"[[15.0, 88.0], [12.0, 90.0], [11.0, 92.0], [10.0, 94.0]]",0,29.984636,8.0
"[[12.0, 90.0], [11.0, 92.0], [10.0, 94.0], [8.0, 0.0]]",0,5.2669125,4.0
"[[11.0, 92.0], [10.0, 94.0], [8.0, 0.0], [4.0, 2.0]]",0,-5.010844,1.0
"[[10.0, 94.0], [8.0, 0.0], [4.0, 2.0], [1.0, 4.0]]",0,6.673182,2.0
"[[8.0, 0.0], [4.0, 2.0], [1.0, 4.0], [2.0, 6.0]]",0,2.774941,4.0
"[[4.0, 2.0], [1.0, 4.0], [2.0, 6.0], [4.0, 8.0]]",0,4.13004,0.0
"[[1.0, 4.0], [2.0, 6.0], [4.0, 8.0], [0.0, 10.0]]",0,3.59226,1.0
"[[2.0, 6.0], [4.0, 8.0], [0.0, 10.0], [1.0, 12.0]]",0,3.8072462,0.0
"[[4.0, 8.0], [0.0, 10.0], [1.0, 12.0], [0.0, 14.0]]",0,4.819438,4.0
"[[0.0, 10.0], [1.0, 12.0], [0.0, 14.0], [4.0, 16.0]]",0,5.9822273,0.0
"[[1.0, 12.0], [0.0, 14.0], [4.0, 16.0], [0.0, 18.0]]",0,6.099022,1.0
"[[0.0, 14.0], [4.0, 16.0], [0.0, 18.0], [1.0, 20.0]]",0,5.9616814,4.0
"[[4.0, 16.0], [0.0, 18.0], [1.0, 20.0], [4.0, 22.0]]",0,8.101045,4.0
"[[0.0, 18.0], [1.0, 20.0], [4.0, 22.0], [4.0, 24.0]]",0,8.640756,6.0
"[[1.0, 20.0], [4.0, 22.0], [4.0, 24.0], [6.0, 26.0]]",0,9.390168,8.0
"[[4.0, 22.0], [4.0, 24.0], [6.0, 26.0], [8.0, 28.0]]",0,10.819712,12.0
"[[4.0, 24.0], [6.0, 26.0], [8.0, 28.0], [12.0, 30.0]]",0,12.360113,14.0
"[[6.0, 26.0], [8.0, 28.0], [12.0, 30.0], [14.0, 32.0]]",0,13.689378,27.0
"[[8.0, 28.0], [12.0, 30.0], [14.0, 32.0], [27.0, 34.0]]",0,17.388485,30.0
"[[12.0, 30.0], [14.0, 32.0], [27.0, 34.0], [30.0, 36.0]]",0,19.983154,29.0
"[[14.0, 32.0], [27.0, 34.0], [30.0, 36.0], [29.0, 38.0]]",0,19.055836,36.0
"[[27.0, 34.0], [30.0, 36.0], [29.0, 38.0], [36.0, 40.0]]",0,21.590199,26.0
"[[30.0, 36.0], [29.0, 38.0], [36.0, 40.0], [26.0, 42.0]]",0,20.570011,31.0
"[[29.0, 38.0], [36.0, 40.0], [26.0, 42.0], [31.0, 44.0]]",0,20.476011,41.0
"[[36.0, 40.0], [26.0, 42.0], [31.0, 44.0], [41.0, 46.0]]",0,25.722294,42.0
"[[26.0, 42.0], [31.0, 44.0], [41.0, 46.0], [42.0, 48.0]]",0,26.420103,37.0
"[[31.0, 44.0], [41.0, 46.0], [42.0, 48.0], [37.0, 50.0]]",0,24.792656,60.0
"[[41.0, 46.0], [42.0, 48.0], [37.0, 50.0], [60.0, 52.0]]",0,31.13174,49.0
"[[42.0, 48.0], [37.0, 50.0], [60.0, 52.0], [49.0, 54.0]]",0,31.873062,31.0
"[[37.0, 50.0], [60.0, 52.0], [49.0, 54.0], [31.0, 56.0]]",0,23.558025,30.0
"[[60.0, 52.0], [49.0, 54.0], [31.0, 56.0], [30.0, 58.0]]",0,24.588633,25.0
"[[49.0, 54.0], [31.0, 56.0], [30.0, 58.0], [25.0, 60.0]]",0,25.483067,39.0
"[[31.0, 56.0], [30.0, 58.0], [25.0, 60.0], [39.0, 62.0]]",0,28.358189,26.0
"[[30.0, 58.0], [25.0, 60.0], [39.0, 62.0], [26.0, 64.0]]",0,27.577435,32.0
"[[25.0, 60.0], [39.0, 62.0], [26.0, 64.0], [32.0, 66.0]]",0,26.354816,35.0
"[[39.0, 62.0], [26.0, 64.0], [32.0, 66.0], [35.0, 68.0]]",0,30.634476,35.0
"[[26.0, 64.0], [32.0, 66.0], [35.0, 68.0], [35.0, 70.0]]",0,30.092556,44.0
"[[32.0, 66.0], [35.0, 68.0], [35.0, 70.0], [44.0, 72.0]]",0,32.88982,41.0
"[[35.0, 68.0], [35.0, 70.0], [44.0, 72.0], [41.0, 74.0]]",0,33.742363,50.0
"[[35.0, 70.0], [44.0, 72.0], [41.0, 74.0], [50.0, 76.0]]",0,35.17988,44.0
"[[44.0, 72.0], [41.0, 74.0], [50.0, 76.0], [44.0, 78.0]]",0,35.941437,33.0
"[[41.0, 74.0], [50.0, 76.0], [44.0, 78.0], [33.0, 80.0]]",0,31.791725,24.0
"[[50.0, 76.0], [44.0, 78.0], [33.0, 80.0], [24.0, 82.0]]",0,30.142628,23.0
"[[44.0, 78.0], [33.0, 80.0], [24.0, 82.0], [23.0, 84.0]]",0,30.625721,16.0
"[[33.0, 80.0], [24.0, 82.0], [23.0, 84.0], [16.0, 86.0]]",0,29.873104,16.0
"[[24.0, 82.0], [23.0, 84.0], [16.0, 86.0], [16.0, 88.0]]",0,29.404495,25.0
"[[23.0, 84.0], [16.0, 86.0], [16.0, 88.0], [25.0, 90.0]]",0,33.109978,25.0
"[[16.0, 86.0], [16.0, 88.0], [25.0, 90.0], [25.0, 92.0]]",0,34.230587,22.0
