record_type,metric_family,metric_key,metric_label,value,lower_is_better,tooltip_id,synth_to_val,synth_to_hold,hold_to_val,abs_gap_to_hold_val,relative_gap_to_hold_val,generalization_shift,risk_level,description,status
run_info,,run_dir,Run directory,outputs/save_data/ryc/tht_tripgen_20260212_234749,,,,,,,,,,,ok
metrics_summary,od,od_jsd,OD JSD,,True,od_jsd,0.013528526,0.0118150062,0.0090266553,0.0045018707000000005,0.498730764649892,0.0017135198000000004,high,Distribution mismatch between OD marginals.,
metrics_summary,od,od_chi2,OD Chi²,,True,od_chi2,37150.658811477,19318.3398390193,19951.7909572768,17198.867854200198,0.8620212536823638,17832.3189724577,high,OD chi-square divergence for synthetic vs real.,
metrics_summary,od,od_coverage_real,OD coverage (real),,False,od_coverage_real,0.6656170441,0.6817080394,0.6291529805,0.036464063599999985,0.05795738831439897,-0.01609099530000002,low,Real OD support coverage (higher is better).,
metrics_summary,od,od_coverage_synth,OD coverage (synth),,False,od_coverage_synth,0.6039513678,0.6260198784,0.7827951226,0.17884375479999992,0.2284681516741989,-0.022068510599999924,medium,Synthetic OD support coverage (higher is better).,
metrics_summary,od,od_unique_real,OD unique modes (real),,False,od_unique_real,14926.0,18571.0,18571.0,3645.0,0.19627376016369608,-3645.0,medium,Unique OD modes observed in the real distribution.,
metrics_summary,od,od_unique_synth,OD unique modes (synth),,False,od_unique_synth,16450.0,20223.0,14926.0,1524.0,0.10210371164411094,-3773.0,medium,Unique OD modes generated by synthetic samples.,
metrics_summary,joint,joint_jsd,Joint JSD,,True,joint_jsd,0.164714691,0.1289368976,0.1545052644,0.010209426599999988,0.06607817953418542,0.03577779340000001,low,Joint OD+time distribution mismatch.,
metrics_summary,joint,joint_chi2,Joint Chi²,,True,joint_chi2,461513.5660063509,229925.1439663573,381467.5203130578,80046.0456932931,0.2098371196258123,231588.4220399936,medium,Joint OD+time chi-square divergence.,
metrics_summary,joint,joint_coverage_real,Joint coverage (real),,False,joint_coverage_real,0.605018725,0.6214822173,0.5438644769,0.06115424810000003,0.11244390964560906,-0.016463492299999993,medium,Real joint support coverage (higher is better).,
metrics_summary,joint,joint_coverage_synth,Joint coverage (synth),,False,joint_coverage_synth,0.5923404855,0.6186524759,0.6857965004,0.0934560149,0.13627368300288864,-0.026311990400000096,medium,Synthetic joint support coverage (higher is better).,
metrics_summary,joint,joint_unique_real,Joint unique modes (real),,False,joint_unique_real,236315.0,297986.0,297986.0,61671.0,0.2069593873537683,-61671.0,medium,Unique OD+time mode count for real data.,
metrics_summary,joint,joint_unique_synth,Joint unique modes (synth),,False,joint_unique_synth,241373.0,299349.0,236315.0,5058.0,0.02140363497873601,-57976.0,low,Unique OD+time mode count for synthetic data.,
metrics_summary,joint,joint_mode_dropping_ratio,Joint mode dropping ratio,,True,joint_mode_dropping_ratio,0.394981275,0.3785177827,0.4561355231,0.061154248099999975,0.13407034752387162,0.016463492299999993,medium,Portion of real joint modes that disappear in synthetic.,
metrics_summary,joint,joint_invalid_ratio,Joint invalid ratio,,True,joint_invalid_ratio,0.4076595145,0.3813475241,0.3142034996,0.0934560149,0.29743785482649027,0.026311990399999985,high,Portion of invalid OD pairs in synthetic samples.,
metrics_summary,passenger,passenger_count_jsd,passenger_count JSD,,True,passenger_count_jsd,5.44702e-05,0.0001133833,,,,,unknown,Distribution mismatch for passenger_count between real and synthetic.,
metrics_summary,passenger,passenger_count_chi2,passenger_count Chi²,,True,passenger_count_chi2,0.000427539,0.0009096929,,,,,unknown,Chi-square mismatch for passenger_count counts.,
metrics_summary,fare,total_amount_log1p_w1,total_amount log1p Wasserstein-1,,True,total_amount_log1p_w1,0.030997841,0.020611862,,,,,unknown,Wasserstein-1 distance for log1p(total_amount) distribution.,
metrics_summary,fare,total_amount_log1p_ks,total_amount log1p KS,,True,total_amount_log1p_ks,0.0231277807,0.0157647205,,,,,unknown,KS statistic for log1p(total_amount) distribution.,
metrics_summary,fare,total_amount_log1p_quantile_mae,total_amount log1p quantile MAE,,True,total_amount_log1p_quantile_mae,0.0483377322,0.0378766513,,,,,unknown,Log1p quantile MAE for total_amount distribution.,
metrics_summary,fare,total_amount_log1p_median_mae_by_hour,total_amount log1p median MAE by hour,,True,total_amount_log1p_median_mae_by_hour,0.0213710139,0.0134219405,,,,,unknown,Hourly median profile MAE for log1p(total_amount).,
metrics_summary,fare,total_amount_log1p_median_mae_by_passenger_count,total_amount log1p median MAE by passenger_count,,True,total_amount_log1p_median_mae_by_passenger_count,0.4252576564,0.2487669025,,,,,unknown,Profile MAE for log1p(total_amount) by passenger_count bins.,
metrics_summary,residual,exact_match_rate_discrete,Exact match rate (discrete),,False,exact_match_rate_discrete,0.9371754134,0.9364751927,,,,,unknown,Exact-match privacy rate in discrete OD/time space.,
metrics_summary,residual,exact_match_rate_with_r_rounded,Exact match rate with r rounded,,False,exact_match_rate_with_r_rounded,0.2564126229,0.2584551743,,,,,unknown,Exact-match privacy rate after residual (r) rounding.,
metrics_summary,residual,cov_te_syn_ext,cov te syn extended,,False,cov_te_syn_ext,95.994,95.748,,,,,unknown,Residual-aware extended metric from cov_te_syn_ext.,
metrics_summary,residual,cov_tr_syn_ext,cov tr syn extended,,False,cov_tr_syn_ext,96.196,95.065,,,,,unknown,Residual-aware extended metric from cov_tr_syn_ext.,
metrics_summary,residual,cov_tr_te_ext,cov tr te extended,,False,cov_tr_te_ext,96.66,95.129,,,,,unknown,Residual-aware extended metric from cov_tr_te_ext.,
metrics_summary,residual,dcr_hold_syn_p005_ext,dcr hold syn p005 extended,,True,dcr_hold_syn_p005_ext,0.0683547929,0.0664253458,,,,,unknown,Residual-aware extended metric from dcr_hold_syn_p005_ext.,
metrics_summary,residual,dcr_hold_syn_p01_ext,dcr hold syn p01 extended,,True,dcr_hold_syn_p01_ext,0.0942906886,0.0982181206,,,,,unknown,Residual-aware extended metric from dcr_hold_syn_p01_ext.,
metrics_summary,residual,dcr_hold_syn_p05_ext,dcr hold syn p05 extended,,True,dcr_hold_syn_p05_ext,0.1816420555,0.1830082238,,,,,unknown,Residual-aware extended metric from dcr_hold_syn_p05_ext.,
metrics_summary,residual,dcr_tr_syn_p005_ext,dcr tr syn p005 extended,,True,dcr_tr_syn_p005_ext,0.0720356703,0.0694560409,,,,,unknown,Residual-aware extended metric from dcr_tr_syn_p005_ext.,
metrics_summary,residual,dcr_tr_syn_p01_ext,dcr tr syn p01 extended,,True,dcr_tr_syn_p01_ext,0.0981979594,0.0976470038,,,,,unknown,Residual-aware extended metric from dcr_tr_syn_p01_ext.,
metrics_summary,residual,dcr_tr_syn_p05_ext,dcr tr syn p05 extended,,True,dcr_tr_syn_p05_ext,0.1902267486,0.185671702,,,,,unknown,Residual-aware extended metric from dcr_tr_syn_p05_ext.,
metrics_summary,residual,rdcr_p005_ext,rdcr p005 extended,,True,rdcr_p005_ext,1.0538495873,1.0456255814,,,,,unknown,Residual-aware extended metric from rdcr_p005_ext.,
metrics_summary,residual,rdcr_p01_ext,rdcr p01 extended,,True,rdcr_p01_ext,1.0414385639,0.9941852196,,,,,unknown,Residual-aware extended metric from rdcr_p01_ext.,
metrics_summary,residual,rdcr_p05_ext,rdcr p05 extended,,True,rdcr_p05_ext,1.047261594,1.014553872,,,,,unknown,Residual-aware extended metric from rdcr_p05_ext.,
training_summary,,n_sections,Training sections,7,,,,,,,,,,,
training_summary,,n_loss_rows,Training loss rows,30,,,,,,,,,,,
training_summary,,n_scalar_points,Training scalar points,960,,,,,,,,,,,
training_summary,,n_log_events,Training log events,30,,,,,,,,,,,
metrics_available,,tooltip_count,Metric tooltips,38,,,,,,,,,,,
